MA_5,MA_10,MA_20,MA_30,MA_40,MA_60,chicangliangbianhua,zijinbiandong,jiagebiandonggongxiandu,fenlei
0.0,0.0,0.0,0.0,0.0,0.0,0.432038575509,0.480629645023,0.530019055471,1.0
0.0,0.0,0.0,0.0,0.0,0.0,0.441551809118,0.494607815478,0.319762798129,0.0
0.0,0.0,0.0,0.0,0.0,0.0,0.433618176096,0.482952310025,0.502070234476,1.0
0.0,0.0,0.0,0.0,0.0,0.0,0.429241613568,0.476498944466,0.577569269352,1.0
24.5378467247,0.0,0.0,0.0,0.0,0.0,0.435215591727,0.485279006325,0.467295249812,0.0
24.0360843606,0.0,0.0,0.0,0.0,0.0,0.433000587896,0.48203439144,0.543236752078,0.0
23.9867398183,0.0,0.0,0.0,0.0,0.0,0.430292701176,0.478070921233,0.570857704884,1.0
23.8523025235,0.0,0.0,0.0,0.0,0.0,0.431052809729,0.47919021351,0.525934058685,0.0
23.5740534825,0.0,0.0,0.0,0.0,0.0,0.430031413861,0.47770737145,0.525852424156,0.0
23.2636840488,25.1067363841,0.0,0.0,0.0,0.0,0.438778600569,0.49033771168,0.434338086703,0.0
22.5944818067,24.5257368231,0.0,0.0,0.0,0.0,0.445358290231,0.499428846338,0.33522153526,0.0
21.9313932732,24.1803006186,0.0,0.0,0.0,0.0,0.425708296466,0.471651042535,0.521554375794,1.0
21.4005436476,23.8558368387,0.0,0.0,0.0,0.0,0.432293924476,0.480993054587,0.599775847252,1.0
20.8917194583,23.4668245887,0.0,0.0,0.0,0.0,0.4336062994,0.482857445457,0.553618368113,0.0
20.6858222021,23.2054107228,0.0,0.0,0.0,0.0,0.431409110614,0.47973177139,0.58904397287,1.0
20.9075017612,22.9644178844,0.0,0.0,0.0,0.0,0.434259517687,0.483797614258,0.571331170491,0.0
20.9390423693,22.6396664857,0.0,0.0,0.0,0.0,0.42957416106,0.477128932771,0.557175650223,0.0
21.0177538448,22.4092279884,0.0,0.0,0.0,0.0,0.43225235604,0.480935042137,0.581916266669,1.0
21.2994565633,22.295254816,0.0,0.0,0.0,0.0,0.430993426249,0.479124253189,0.65886567524,1.0
21.6325253926,22.3621231461,28.4252799772,0.0,0.0,0.0,0.428416183186,0.475379046697,0.64425860112,1.0
21.9694879309,22.6435555955,28.264011498,0.0,0.0,0.0,0.43262053362,0.481473496077,0.560588113298,1.0
22.4526404341,22.9067137503,28.2158579441,0.0,0.0,0.0,0.431088439818,0.47924734003,0.591824706434,1.0
22.6911099916,23.0679704875,28.1334968935,0.0,0.0,0.0,0.435423433909,0.4855232265,0.490704387639,0.0
22.7059454804,23.2130251777,28.0146176094,0.0,0.0,0.0,0.433926970195,0.483351641162,0.550112736786,0.0
22.6539858162,23.3497052111,27.9548641254,0.0,0.0,0.0,0.431379418873,0.47967668442,0.564104031526,1.0
22.8464783361,23.6134092544,27.9675566063,0.0,0.0,0.0,0.430423344834,0.478264990786,0.684781410006,1.0
23.1982477964,24.0296661659,28.0182323039,0.0,0.0,0.0,0.434770215621,0.484674136353,0.673069039027,1.0
23.8168023248,24.4606713602,28.1245201594,0.0,0.0,0.0,0.434265456035,0.483951880719,0.699263478547,1.0
24.4618705704,24.7984705985,28.2408438765,0.0,0.0,0.0,0.432359246305,0.481107702789,0.533281163482,0.0
25.1569478902,25.1348714818,28.4393817917,33.3377706896,0.0,0.0,0.431599137752,0.479970284012,0.600766351096,1.0
25.5822935082,25.4489423885,28.722321044,33.3368234072,0.0,0.0,0.433499409134,0.482818439064,0.577226133231,0.0
25.8309163036,25.7448559217,28.9866711276,33.3925349291,0.0,0.0,0.43277493067,0.481734915394,0.560351386164,1.0
26.0508927016,26.1509139283,29.2599247849,33.4618994341,0.0,0.0,0.443232361622,0.497533658263,0.600464764851,1.0
26.4397074546,26.6571051668,29.5757752974,33.5427256989,0.0,0.0,0.428843744247,0.475762188907,0.583468713904,1.0
26.8519560511,27.1980966073,29.9056283264,33.6666064336,0.0,0.0,0.447549540669,0.504452684949,0.668770150451,1.0
27.3820361824,27.6711750159,30.2543099654,33.8092340675,0.0,0.0,0.438309471071,0.49031822123,0.625572090369,1.0
27.7682243375,27.9867592162,30.5849674953,33.9255772051,0.0,0.0,0.428570580236,0.475303207306,0.533878062569,0.0
27.9203524126,28.1679489246,30.8523983342,34.0297742844,0.0,0.0,0.423148868448,0.467081042034,0.460783325563,0.0
28.019097883,28.4005952467,31.1054257018,34.1531274198,0.0,0.0,0.430708385541,0.478590910872,0.589884958865,1.0
27.995915016,28.5831886987,31.3318045481,34.3005121478,36.1500233511,0.0,0.428077697346,0.47455469884,0.566796990568,1.0
27.6798489063,28.6795364736,31.5061289451,34.4621916502,36.1666653576,0.0,0.426979102953,0.472959343732,0.46362353799,0.0
27.3700201879,28.7173319349,31.6445193396,34.597757481,36.20389548,0.0,0.431753534802,0.480199809867,0.483248745113,0.0
27.2977567676,28.7579338947,31.8291277949,34.7377721072,36.248997773,0.0,0.434307024472,0.484072328892,0.580255216046,1.0
27.2977567676,28.8070958003,32.0588867108,34.8995139573,36.3017353054,0.0,0.436231049247,0.487055298197,0.66901206596,1.0
27.3158495425,28.8042081858,32.2797966944,35.0535277307,36.3687903652,0.0,0.432608656924,0.481504917894,0.593112778785,1.0
27.4180363467,28.6969917422,32.4278947471,35.1898978943,36.4284819027,0.0,0.42554202272,0.470721422031,0.480727880296,0.0
27.7799740233,28.7231386158,32.5712773027,35.3518347442,36.4965405141,0.0,0.4420684454,0.496082802083,0.671688910362,1.0
27.8970351724,28.7463440013,32.6573138758,35.4829491485,36.5573552469,0.0,0.424467181719,0.469057748372,0.507331233134,0.0
27.7917157828,28.6940838655,32.7325937836,35.5892398144,36.616362572,0.0,0.427406664014,0.473575224087,0.487260892818,0.0
27.8034496175,28.7086179115,32.8159562757,35.6988661778,36.6994098984,0.0,0.438760785525,0.49095778586,0.616107501589,1.0
28.2206019491,28.9650952785,32.9658645976,35.8389911183,36.8277203316,0.0,0.497692951775,0.583299264882,0.760424149732,1.0
28.7166122627,29.3850788218,33.1611911798,35.998192851,36.9656153424,0.0,0.455750399354,0.518282564186,0.735003689987,1.0
29.3100792926,29.7392581876,33.3301076939,36.1615791064,37.0939625924,0.0,0.425868631864,0.470838775825,0.566355771893,0.0
30.0134589294,30.0529910326,33.4854456124,36.3336271682,37.2257287413,0.0,0.439645599387,0.492766283501,0.639133132693,1.0
30.6340321783,30.3855387415,33.6289347005,36.5032782306,37.354389831,0.0,0.444479414716,0.500578547031,0.604039389502,1.0
31.0112685879,30.7702056712,33.7566284152,36.6506224796,37.4798616597,0.0,0.43311341651,0.482356038031,0.575640713656,1.0
31.0159702681,30.9915285621,33.8647973213,36.7589404156,37.592549323,0.0,0.401485774687,0.432097278732,0.467728031932,0.0
30.9924435793,31.2451284506,33.9866200357,36.8493203672,37.6931482656,0.0,0.420726022435,0.462708501839,0.49301322274,0.0
30.945252931,31.5428400476,34.1012273972,36.9441955023,37.7865668676,0.0,0.431331912089,0.479505990021,0.582219492547,1.0
30.883631024,31.8030810081,34.2245768415,37.0337289741,37.8751834922,38.854348437,0.427952992037,0.474106909271,0.569443789532,1.0
31.0862762667,32.0796411456,34.4418915429,37.1522583555,37.9791295464,38.8905618778,0.44277510882,0.498122253264,0.74901228178,1.0
31.3862086706,32.2262805021,34.6566343004,37.2594279113,38.0728870343,38.932046691,0.427056301478,0.472541634337,0.556731136954,0.0
31.7669527981,32.4012512785,34.8590300218,37.3609727565,38.1710531829,38.9735481516,0.438351039508,0.490917680022,0.581522593236,1.0
32.2406904978,32.6157283882,35.0626719057,37.464125999,38.2766652682,39.0168150042,0.438475744817,0.491245285923,0.679248421975,1.0
32.6733077005,32.808932492,35.2616090926,37.557165744,38.3767699194,39.0625481299,0.43646858317,0.487951884365,0.608647674411,1.0
32.8133366446,32.9696791827,35.4627071749,37.6367193621,38.4615017032,39.1060444007,0.429562284364,0.476548610695,0.559750654498,0.0
32.7535776273,33.0712593714,35.5813849032,37.6965447284,38.5210744369,39.1394403513,0.389929749342,0.412610940285,0.340895261597,0.0
32.6045449425,33.1677089842,35.7082842806,37.7597809109,38.5716473396,39.171736876,0.426800952511,0.47219738061,0.522231282299,0.0
32.3412454221,33.2591644948,35.8475086192,37.8188747163,38.6231387837,39.2048328216,0.437947231839,0.490170771328,0.553618368113,1.0
32.0021677923,33.3084701597,35.9563910277,37.8725365934,38.6672724176,39.2388761854,0.43280462241,0.481862935397,0.541063533787,0.0
31.5310649424,33.1657102396,35.9955470852,37.923979125,38.70352846,39.2734572982,0.451231316472,0.511158036907,0.451959790577,0.0
31.3176726415,33.0409047462,35.9986662141,37.9793812804,38.7377078779,39.3052817728,0.438303532723,0.490591460378,0.509127730104,0.0
31.3039166755,32.9594585032,36.0297490416,38.0391149284,38.774481137,39.3382078732,0.416949233062,0.456360985737,0.669866834092,1.0
31.4089638431,32.8752175338,36.0752375753,38.099722078,38.8122545617,39.3732268328,0.443030457787,0.498514688173,0.718214233697,1.0
31.3998671784,32.7044167961,36.0829052953,38.1457897219,38.8382616729,39.4028531729,0.424366229802,0.468285855191,0.484520714219,0.0
31.271756118,32.4164173953,36.039035512,38.1768452044,38.8490138085,39.4261474226,0.436147912374,0.487104298385,0.316290948127,0.0
31.1747417079,32.2681104647,36.0250991722,38.2000071887,38.8639586961,39.4499807866,0.42923567522,0.476204382461,0.540816021758,1.0
31.0394512525,32.1975611754,36.0374889948,38.2385838637,38.8875198341,39.473769562,0.424455305023,0.468551251631,0.632932095744,1.0
30.6388792673,32.0617253013,36.0258744577,38.2733237327,38.904190856,39.4935531177,0.431207206779,0.479314390235,0.524871715569,0.0
30.3843671608,31.9399901723,36.0033412054,38.299147559,38.9199332288,39.5113175155,0.433404395565,0.48278895482,0.534440922605,0.0
30.482851919,31.9218360565,35.9406418125,38.3120887509,38.9430031502,39.5291461341,0.429372257225,0.476399988051,0.591843506453,1.0
30.551347934,31.9059258933,35.88592444,38.3111671807,38.9682077249,39.5457909384,0.433600361052,0.48310715011,0.559989224503,0.0
30.4779453904,31.8053770975,35.8185064359,38.309937751,38.9893689701,39.5628137962,0.434592065179,0.484676207771,0.528109053533,0.0
30.4926593901,31.6178190947,35.7189993943,38.3031621996,39.0051972893,39.5796387071,0.433523162527,0.482980704385,0.585526622076,0.0
30.5220371371,31.5098789604,35.6125500692,38.292024841,39.020155773,39.595460373,0.429906708552,0.47725237972,0.563187601593,1.0
30.4779453904,31.5357850504,35.5074012969,38.2777028994,39.0371711054,39.608469799,0.430114550734,0.477586802179,0.499300710273,0.0
30.5708513025,31.6131475806,35.4773578958,38.2823843304,39.0537692555,39.6209326001,0.43462175692,0.484753758472,0.658066149479,1.0
30.773846726,31.6760482235,35.4730528165,38.295744216,39.0768031162,39.6329833325,0.437596869303,0.489563256314,0.647936822981,1.0
30.9971525753,31.791593289,35.4635700374,38.3065528727,39.1013148287,39.6449574295,0.425411379063,0.469967362165,0.547336763214,1.0
31.2071687456,31.9082002208,35.4609810539,38.3133168423,39.1214028209,39.6555895341,0.424259339537,0.468118057591,0.572469470704,0.0
31.4905100252,32.0280504417,35.4996912378,38.3050123764,39.1354048245,39.6667460927,0.435013687892,0.485433769926,0.600558177407,1.0
31.580435006,32.1153809668,35.5270564779,38.295744216,39.1406594889,39.6766411854,0.424502811808,0.468517729715,0.490739398201,0.0
31.5669919175,32.2019847654,35.5227895138,38.2817607685,39.1457413109,39.6853103076,0.430156119171,0.477607082954,0.541029964712,0.0
31.6162045968,32.3294426692,35.5031192446,38.261704407,39.150940801,39.6933939113,0.434972119456,0.485366646425,0.597428856787,1.0
31.700699779,32.4682405218,35.5185192726,38.2414484525,39.1549656279,39.7005547548,0.435845056622,0.486790539117,0.609815405049,1.0
31.7713554642,32.6348020781,35.5940408714,38.2267653419,39.1595449168,39.7072040874,0.429502900883,0.476513339227,0.581633287683,1.0
31.8982628045,32.7379875708,35.6627110741,38.2312451481,39.1686381853,39.7144260948,0.438012553668,0.49032433988,0.57852875368,0.0
31.9892350449,32.775613133,35.7000271468,38.2353963172,39.1772246755,39.7219607409,0.425411379063,0.469914015186,0.506740875194,0.0
32.0236872799,32.8151667321,35.7567409061,38.2379467478,39.1847607253,39.7288111037,0.433766634798,0.48342748374,0.56298143647,1.0
31.9892350449,32.8379901542,35.8071836034,38.2404940317,39.1893361727,39.735055923,0.428475566667,0.474878114104,0.537966563352,0.0
31.9286731227,32.8421338846,35.8515237791,38.2553959339,39.1858720033,39.7426189746,0.429289120353,0.476186953869,0.566127336223,1.0
31.8415571892,32.8607579109,35.8899094618,38.2683073269,39.1829520556,39.7502989365,0.429247551916,0.476130270314,0.541080251276,0.0
31.6162045968,32.7985328749,35.8970746128,38.2572905252,39.1724484221,39.7554820098,0.425892385256,0.470859977584,0.42010139267,0.0
31.2348925577,32.6390355563,35.8827341674,38.2258041249,39.1525239849,39.7584161221,0.430749953978,0.478601373126,0.399518799164,0.0
30.6968999219,32.3773721671,35.8362494185,38.1922060149,39.1254024168,39.7596638179,0.437988800276,0.489870680231,0.351890726044,0.0
30.2052101671,32.1265245668,35.8071836034,38.184049162,39.1014662168,39.7622538125,0.429871078463,0.477243625589,0.550383697641,1.0
29.7880227093,31.8968237575,35.7640935435,38.1775011144,39.0880582435,39.7641518913,0.426842520948,0.472481802227,0.608400756085,1.0
29.6269843687,31.7085234144,35.7115835445,38.1653341772,39.0774229692,39.7672116104,0.432638348664,0.481573035676,0.585744351547,1.0
29.6895389792,31.5404888722,35.6677016056,38.1643446432,39.0674614879,39.7711030232,0.430738077282,0.478574304473,0.582394304174,1.0
29.8498693021,31.3436277107,35.6075083372,38.1574051671,39.0556682311,39.7733308069,0.431700089669,0.480098326322,0.531084050093,0.0
29.8395805248,31.0970363608,35.5227895138,38.1417929579,39.0469371439,39.7731518778,0.436438891429,0.48749900548,0.482406691807,0.0
29.5903672666,30.7752230252,35.4185258611,38.1142849593,39.032659123,39.7700904422,0.438054122104,0.489907564217,0.455328955333,0.0
29.2993967999,30.5576489607,35.3167472085,38.0881396303,39.0129478091,39.7671383068,0.443155163097,0.497786951249,0.507781872835,1.0
28.9425444932,30.4191123405,35.2005381869,38.063413848,38.9875220977,39.7636693744,0.4329887112,0.482097611115,0.658278327759,1.0
28.6442917551,30.3596540999,35.0682097114,38.035273086,38.9659849328,39.7592863454,0.430417406486,0.478131887843,0.533939944405,0.0
28.4817718994,30.2790863231,34.9329842342,38.0117345,38.9563620339,39.7549834716,0.42889718938,0.475774496316,0.602660689698,1.0
28.4705029883,30.1480989355,34.788077206,37.975081791,38.9442237197,39.7515845035,0.436070713849,0.486844179281,0.533946796224,0.0
28.2434773678,29.895671484,34.6152094704,37.9173774436,38.9209993671,39.7470389057,0.448707518542,0.505998625586,0.467292814745,0.0
28.2034247274,29.6985215226,34.4702379273,37.8706662331,38.9074270311,39.7434204771,0.436813007358,0.487988239343,0.674926394763,1.0
28.2034247274,29.5508969501,34.3304493874,37.823072081,38.8938878852,39.7392278983,0.429639482889,0.476933330368,0.612653639237,0.0
28.2206019491,29.479274303,34.197342619,37.7745824334,38.8805698757,39.7329474101,0.428463689971,0.475098748795,0.583013141509,1.0
28.2491913053,29.4875565381,34.0628607495,37.7283482637,38.8660003743,39.7267425182,0.428748730678,0.475550343401,0.533980983871,0.0
28.4648655949,29.4820355725,33.9682519639,37.6813071778,38.8512663705,39.7197584092,0.428463689971,0.475116014861,0.547065740594,0.0
28.4648655949,29.4626956701,33.9019813274,37.625665526,38.8363663686,39.7109245664,0.428184587611,0.474689685181,0.49788224776,0.0
28.3630573594,29.4128463995,33.8571198475,37.5580058723,38.8174575554,39.7006467532,0.440666995255,0.493840221286,0.520614071778,0.0
28.2434773678,29.3628269089,33.8031672228,37.4887350007,38.8010105689,39.6908940223,0.423677381426,0.467787822583,0.560198469961,1.0
28.0248886639,29.2706817235,33.7109352481,37.4081268233,38.77428274,39.682702719,0.433683497925,0.483135751611,0.500551086708,0.0
27.7917157828,29.2650787285,33.6017946896,37.3280835328,38.7419757084,39.6745645896,0.429835448375,0.477279002221,0.500457460594,0.0
27.709356967,29.2257986975,33.5026580144,37.2552622158,38.7132860408,39.6669992822,0.427501677583,0.473671235902,0.639279414073,1.0
27.62660936,29.1356272136,33.4034930525,37.1760542002,38.6802296462,39.6587591324,0.432204849255,0.480882969877,0.483967561269,0.0
27.5791502739,29.0534415974,33.3394613393,37.1007744835,38.6470904588,39.6530243339,0.43089841268,0.478883382338,0.599808193068,1.0
27.6857544868,28.996502312,33.3195726956,37.0287851645,38.6169839076,39.6474163192,0.430203625955,0.477816299353,0.573393220919,1.0
27.8151755288,28.9450755454,33.2961154974,36.9759592287,38.5867501516,39.6398304992,0.429900770204,0.477353107994,0.547024442522,0.0
27.5553730399,28.7781956833,33.2194395124,36.9157295576,38.5424074606,39.6278135159,0.443909333302,0.498555969939,0.382963637139,0.0
27.7917157828,28.8532252196,33.2289129489,36.9080675885,38.5105423728,39.6211031615,0.399817098879,0.430847244928,0.818538890965,1.0
27.8268935182,28.8474664941,33.2052101671,36.8818989713,38.4713712637,39.6167609997,0.431397233917,0.479645307218,0.530571906501,0.0
27.7917157828,28.8819869266,33.180253344,36.8451633401,38.4293540406,39.611503194,0.431272528608,0.479457608072,0.474352490223,0.0
27.7682243375,28.9336240155,33.1992744724,36.8038687689,38.389365074,39.6047072716,0.429740434806,0.477112300878,0.494189804509,1.0
27.9901143625,28.9164307845,33.175491652,36.7546851666,38.347480502,39.5990027448,0.430482728315,0.478248393948,0.530507260045,0.0
28.0364643041,29.0534415974,33.1945230348,36.7344097448,38.3161757157,39.595460373,0.436011330368,0.486784633982,0.667772992655,1.0
28.2206019491,29.161042628,33.2052101671,36.7253054012,38.2848950722,39.5915861482,0.434485174914,0.484426726194,0.631760490473,1.0
28.1575321949,29.1129997753,33.1611911798,36.7070339272,38.2409728053,39.5844793925,0.426581233632,0.472312232768,0.394472580885,0.0
28.1057524171,29.0761579596,33.1241412792,36.6892195773,38.2085044703,39.5776382372,0.432911512675,0.481961474341,0.513873904894,1.0
28.0711438648,29.1666846833,33.0929479917,36.6713259029,38.1844449166,39.5710142584,0.430072982298,0.477627599552,0.576778199529,1.0
27.8034496175,29.0591238661,33.078514358,36.6549898822,38.1696533829,39.5639109266,0.430322392917,0.478013128672,0.540360887305,0.0
27.4599459176,28.9850890013,33.0447455158,36.6298131651,38.1479809353,39.5565718194,0.42886749764,0.475806886919,0.527037914354,0.0
27.0792419398,28.7724092659,32.9695203331,36.5773241145,38.1065757104,39.543445732,0.431640706188,0.480036712792,0.360345351395,0.0
24.4411071181,27.528374226,32.474210093,36.3500691729,37.9598596612,39.5046407553,0.447151671348,0.500402795185,0.534307199647,0.0
21.5244924515,26.2244943604,31.9338084413,36.0945360581,37.802312575,39.4634672551,0.433564730963,0.482634573634,0.595929390657,1.0
18.162149904,24.6337786962,31.3631793332,35.8121838046,37.6346148555,39.417695978,0.436818945706,0.4868583669,0.483811834588,0.0
14.6580632303,22.9567312174,30.7598947047,35.5142191033,37.4669903722,39.3685828036,0.429324750441,0.477074655247,0.557475855104,1.0
11.1270941293,21.2485941274,30.0708304263,35.1803628736,37.2906965512,39.3141041555,0.439598092603,0.490402457831,0.432447800212,0.0
10.6898929207,19.3607398875,29.3216431073,34.817589293,37.097267412,39.2542706915,0.43428327108,0.483513479453,0.478887211412,0.0
10.2396053506,17.3920294305,28.6215954803,34.442490267,36.8951192453,39.1889919564,0.438101628889,0.488448333135,0.55753685573,1.0
9.88721398768,15.2974301878,27.7523365203,34.0540865467,36.6805377158,39.1166984325,0.434693017097,0.484038469176,0.545748643296,0.0
9.20744823555,13.0431618768,26.8375088551,33.6191102973,36.4402254507,39.0351808684,0.435114639809,0.484548551063,0.474291276754,0.0
8.60333102153,10.8621839385,25.846185369,33.158809172,36.1775547669,38.9439301551,0.456320480769,0.511252053787,0.441426231585,0.0
8.26323377242,10.4602999217,24.8267227592,32.6895936911,35.9249990177,38.8485935679,0.429865140115,0.477875851025,0.577547531377,1.0
7.73459089847,9.95570909227,23.739599453,32.1607912995,35.6331645927,38.7437426909,0.448737210283,0.501706558384,0.489563090941,0.0
7.85930554293,9.8342417791,22.644803985,31.6845500996,35.3575194248,38.641620702,0.410458618621,0.452777773688,0.749379818099,1.0
8.28389006347,9.69666561121,21.516279941,31.1810138387,35.0668052947,38.533722258,0.417644019787,0.461974263849,0.662790840512,1.0
9.1054151343,9.80780664496,20.5106725041,30.669769406,34.775739282,38.4229164312,0.433671621228,0.482759222005,0.584617959041,1.0
9.70525507203,9.94515549227,19.4390385972,30.1254880553,34.4663195569,38.311770887,0.432151404122,0.480776173942,0.538054523908,0.0
10.2094742332,9.93987806459,18.2774040077,29.5901472999,34.130930756,38.1964524579,0.435435310605,0.485008125408,0.483056226815,0.0
9.94775733956,9.86595019257,17.0293752264,28.9125841377,33.7767328798,38.0782599125,0.435524385826,0.485079920754,0.450709890033,0.0
9.51265530302,9.85538238884,15.7421724542,28.2213682416,33.3932752797,37.9475720417,0.434972119456,0.484363831572,0.466284992744,0.0
8.870179779,9.94515549227,14.5679126208,27.5062346493,33.0068361455,37.8052134538,0.426385268146,0.473448568034,0.513837524242,0.0
8.61361256436,10.1243384981,14.4430548102,26.8036553724,32.6320183062,37.6599023212,0.434918674323,0.484331348552,0.691223546005,1.0
8.49013886567,10.3240252238,14.2741361223,26.0661622363,32.2157296273,37.5009933627,0.435548139219,0.485130963678,0.549678566546,0.0
8.44893492206,10.1664285373,14.119273462,25.2166621376,31.7856133632,37.3346880919,0.441789343041,0.493057355963,0.474324677635,0.0
8.47984003376,9.95570909227,13.9257533933,24.3243703946,31.3230599753,37.1644745368,0.432175157515,0.4808037238,0.557583052637,0.0
7.88007180577,9.31422886522,13.6311288951,23.3717604902,30.770317249,36.9746275095,0.440381954548,0.490968076027,0.219221524875,0.0
7.01364062773,8.73662135544,13.3882759724,22.3825462427,30.1962520682,36.7747282115,0.43496024276,0.484254639165,0.390709618211,1.0
6.1485868401,8.23010887311,13.1055127608,21.3431121199,29.6391925019,36.5613670412,0.440981727703,0.491706466413,0.533219482185,0.0
5.2535141112,7.75281221466,12.8002443564,20.2420980219,28.9634237122,36.3329041423,0.451932041545,0.505087832678,0.5125178629,0.0
4.69508928941,7.48576434774,12.6469665792,19.1847434035,28.3191642835,36.1019580025,0.425993337173,0.473093463263,0.646847335879,1.0
4.60889253144,7.12464496367,12.4992981192,18.1703999932,27.6321287133,35.8530519139,0.472835026752,0.531006115036,0.529065237098,0.0
4.49024970314,6.60755794812,12.3179463681,17.873263227,26.915960773,35.6082991305,0.469277956258,0.526613756151,0.48405116357,0.0
4.44707192977,6.13169705268,12.172444464,17.5584652676,26.1757614596,35.3358339119,0.431830733327,0.480372661727,0.619008130227,1.0
4.3498541985,5.61419150241,11.7979028591,17.2367159736,25.3259909774,35.0391367912,0.447187301436,0.49918120673,0.43395682272,0.0
3.90580101462,5.09374388709,11.3901986632,16.8833823843,24.4344143017,34.7210630449,0.4363735696,0.485938402391,0.528860806998,0.0
3.91665419824,5.05445378917,10.9951967636,16.6438921346,23.6190194822,34.4018081399,0.430441159878,0.478656259328,0.64769781734,1.0
3.78634226346,4.92524434429,10.5883096001,16.4075468305,22.7509241569,34.0615655308,0.431343788785,0.479776179404,0.52482287654,0.0
3.21982628876,4.60992729836,10.1191954168,16.0653610447,21.7881712605,33.6834894752,0.446504391408,0.498112004525,0.386369242992,0.0
3.05586598182,4.47448253992,9.76672184898,15.7777663224,20.8265677133,33.3091625243,0.413392162568,0.457944814201,0.570232617331,1.0
2.58453805917,3.99899416271,9.34575476899,15.4675621881,19.7976238669,32.8926187102,0.451088796119,0.503519488859,0.385398167232,0.0
1.8353533968,3.61817230129,8.92221947992,15.1993201215,18.8303559005,32.4693241256,0.444319079319,0.495352365942,0.494609522804,0.0
1.22612014204,3.23600045116,8.40614863608,14.9038561634,18.4600716654,32.0308123966,0.425833001776,0.473189972219,0.574692955724,0.0
0.959394405377,2.80090194128,7.88322639902,14.6135842336,18.0565657469,31.5498672022,0.447151671348,0.498699611619,0.519808221814,0.0
0.536026466385,2.49650377322,7.40888961037,14.198579395,17.6878641696,31.0637518625,0.420334091462,0.466628902487,0.532496506865,1.0
0.0106659751094,1.97782299377,6.81034914697,13.6677400997,17.2215944973,30.5129863623,0.423030101486,0.470032704248,0.3946782894,0.0
-0.989072274389,1.06788806779,6.27027669529,12.9812871993,16.7213022596,29.8931370361,0.431177515039,0.479638471539,0.312179246464,0.0
-3.17643399746,-0.381720653347,5.37049411419,12.0547714404,16.0429140396,29.1479831171,0.463689970724,0.515297309948,0.0,0.0
-5.04051978663,-1.48369562572,4.55621530845,11.218178857,15.3833678644,28.4290389067,0.419407709163,0.466632420711,0.553618368113,1.0
-7.12317526972,-2.78275435335,3.73522803732,10.3851417249,14.700247661,27.5925186178,0.444918852474,0.494785753466,0.46626173279,0.0
-9.35246995056,-4.21536878233,2.63073945565,9.43336689869,13.9465644909,26.6821010632,0.547278158162,0.604253760629,0.294545373647,0.0
-11.2717743964,-5.74581348936,1.52269134613,8.42919682672,13.189705424,25.7142343649,0.503607546453,0.556637643042,0.458457926028,0.0
-11.9765567476,-7.2765577362,0.4086347013,7.33990002663,12.4010932559,24.6999129687,0.420559748689,0.468432690042,0.520329034674,1.0
-12.9460211478,-8.76900411233,-0.721009755544,6.25168369192,11.6223906033,23.6401988675,0.427846101771,0.476172635591,0.515592620534,1.0
-14.0978256025,-10.4688704115,-1.89728720974,5.10090139536,10.6489588618,22.4456288465,0.521511665885,0.574163776385,0.427941125119,0.0
-14.6265615913,-11.9141153522,-3.06308658929,3.94977715553,9.64944289202,21.1972072061,0.394288496826,0.441064858091,0.476476528938,1.0
-14.9365312355,-13.0794513277,-4.3099469051,2.96593770735,8.5996127923,19.9674841039,0.424122757531,0.472337548682,0.548794533203,0.0
-15.692930685,-13.8449042359,-5.65211770026,1.85904931053,7.47166023919,18.6305860687,0.552248555497,0.604102413274,0.342075313251,0.0
-16.4016079405,-14.7230997893,-6.84818737483,0.76772787984,6.37981731695,17.2461561187,0.434182319162,0.482837327209,0.533991217005,1.0
-16.4130220227,-15.3292956611,-8.00026394269,-0.204486068146,5.39138064418,15.8644586877,0.416889849582,0.464801472086,0.737394833591,1.0
-16.0475115653,-15.4132279011,-8.91596291598,-1.16568658284,4.49688737108,14.5112174139,0.454236120596,0.50427545443,0.743363975052,1.0
-16.1389387801,-15.6229515908,-9.96211717554,-2.18669677843,3.50997953882,13.1458743445,0.451831089627,0.501278023441,0.427682529969,0.0
-15.5784510232,-15.7247609617,-10.9397680456,-3.15824393301,2.49275462506,12.3511853055,0.475697310522,0.526621420398,0.553618368113,1.0
-15.200342923,-15.8983481984,-11.9348730481,-4.17444265721,1.45245664102,11.5092427007,0.464705428244,0.514849316423,0.500556184103,0.0
-14.9824275331,-15.7906175189,-12.8819955997,-5.09000999285,0.473523449417,10.7141774005,0.418558525389,0.466407544392,0.582355272725,1.0
-14.9594802134,-15.5870099737,-13.6191455632,-5.94710701857,-0.461307346015,9.92299195223,0.425417317411,0.473569280711,0.662612274565,1.0
-14.0288045332,-15.1493609273,-14.0500885045,-6.75363256897,-1.14906604839,9.24636458734,0.40563074164,0.451931981875,0.734965975041,1.0
-13.1535562025,-14.3985336894,-14.0572669991,-7.48269906243,-1.81276268087,8.61495008407,0.533168643147,0.591288519921,0.64136058937,1.0
-11.791746587,-13.4894598734,-14.0393205151,-8.01400422914,-2.39328541273,8.01766423916,0.524563976793,0.583412351554,0.712828223694,1.0
-10.3122125107,-12.6027104019,-13.8741747092,-8.51936481689,-2.87505971692,7.4773466159,0.423671443078,0.471227173062,0.778454226383,1.0
-9.65309804102,-12.2464162972,-13.7125543375,-9.08927202052,-3.55917324979,6.87671837243,0.523020006295,0.58042776973,0.346316186853,0.0
-9.42184302144,-11.636087776,-13.4754009715,-9.6418222458,-4.18859572865,6.31770012051,0.477639150341,0.530673684325,0.535200518246,1.0
-8.53176147391,-10.7108467905,-12.9863412208,-9.98684227331,-4.6443763656,5.86601957025,0.383171909238,0.425139341257,0.914065525623,1.0
-7.75785407665,-9.59162672676,-12.4248101336,-10.2529190567,-5.05642101669,5.46776301187,0.329661454777,0.36322205861,0.804773804438,1.0
-7.42312411004,-8.64201937498,-11.7943191814,-10.5628396456,-5.44922344299,4.94279720158,0.636953152372,0.714089157665,0.531441906162,0.0
-6.56986461589,-7.85023798929,-11.1994421942,-10.7791802829,-5.8548445103,4.38680704748,0.53143464551,0.593605047152,0.544726842387,0.0
-5.76416951698,-7.30673839969,-10.6115131666,-10.8668797772,-6.31787628549,3.79376169519,0.50644607683,0.565082788488,0.598139057212,0.0
-6.13229149735,-7.0351701629,-9.99819605571,-10.7411759741,-6.82604947495,3.15751256895,0.426462466671,0.474393478789,0.418069533022,0.0
-6.60442823063,-6.87832608399,-9.3596272781,-10.6505476639,-7.21310817109,2.57491024093,0.421284227154,0.468533023153,0.621004764184,1.0
-6.6389944067,-6.72153043862,-8.73564678264,-10.4400439437,-7.57807821737,2.07953246405,0.529112751415,0.591070128734,0.700190136774,1.0
-6.44315369463,-6.17316203977,-8.19486816855,-10.0423971121,-7.83641292248,1.62448619313,0.464711366592,0.518064214428,0.66387745177,1.0
-5.83316567877,-5.43313474647,-7.38795378064,-9.48978649863,-8.00040395082,1.24115601259,0.464568846238,0.518477012968,0.649169459615,1.0
-5.01757246687,-5.19881020049,-6.6971522542,-8.97819495486,-8.196740513,0.777389630551,0.399062928675,0.44249415559,0.619159846612,0.0
-3.79251227305,-4.8026459622,-5.79560334456,-8.32945718435,-8.25888167437,0.414970519373,0.477621335297,0.534519106017,0.707490599977,1.0
-2.99420357385,-4.40100897524,-4.99284227847,-7.62278392392,-8.35583027652,0.0555392315464,0.567919856054,0.640325069338,0.583715573689,0.0
-2.70976849541,-4.14952676379,-4.37423468071,-7.0188996939,-8.43538513407,-0.363249595957,0.450601851577,0.50214740711,0.418479526412,0.0
-2.83487415009,-3.89828019244,-3.90314563654,-6.42152461799,-8.40555131556,-0.659994737688,0.434330777864,0.483282978438,0.492503041075,0.0
-2.70976849541,-3.40846810797,-3.4507137488,-5.68830820459,-8.09483856163,-0.9455323837,0.470620022922,0.525475849794,0.566660093521,1.0
-3.79251227305,-3.33687124958,-3.31550419923,-5.13934379543,-7.98797916815,-1.33745788107,0.499397257671,0.556829284256,0.312408315839,0.0
-5.12084841343,-3.61144257104,-3.38665747036,-4.77097788984,-7.92337347672,-1.76367432273,0.354406551186,0.394224741466,0.312994132602,0.0
-6.23588692309,-4.04182022633,-3.31906135018,-4.54495869195,-7.76436767604,-2.27562122831,0.315480679585,0.35158807041,0.457768324181,0.0
-7.60778173459,-4.82064249095,-3.34396292085,-4.27281264241,-7.61781566535,-2.79480556181,0.503233430524,0.558494506698,0.461212816157,0.0
-8.77445712036,-5.36101757009,-3.52546779872,-3.97781103506,-7.40673856329,-3.26175664758,0.425375748974,0.473246059843,0.635695977507,1.0
-9.1443633269,-6.12498706965,-3.74274083692,-3.61963300693,-7.17091525676,-3.71377511165,0.354929125816,0.394723609015,0.680618137304,1.0
-9.22529122482,-6.86626313008,-3.94237103617,-3.32827600195,-6.87565639529,-4.14077472767,0.433748819753,0.482526732429,0.571840188615,0.0
-8.91316130372,-7.28862981495,-4.0422442618,-3.03152264507,-6.53595020966,-4.52267336096,0.33992885859,0.37732009724,0.661746127857,1.0
-8.40465631472,-7.74150283437,-4.16000062147,-2.86746781143,-6.21383413761,-4.96088920253,0.458678004953,0.510393855774,0.535527828739,0.0
-7.76939944727,-8.01941307564,-4.03154173439,-2.6345497676,-5.70392054928,-5.29793938029,0.474652161262,0.529110767621,0.713514843017,1.0
-7.11164192465,-7.86836209282,-3.8995799874,-2.45356829771,-5.17495365782,-5.53547545379,0.34903828453,0.385621859137,0.690467828063,1.0
-6.44315369463,-7.56031533336,-3.88175248479,-2.36457204611,-4.73561943881,-5.8191301529,0.369258359709,0.409036660828,0.531462778127,0.0
-6.36253816779,-7.35503067013,-4.01727237626,-2.21250758429,-4.45951165673,-6.10299793335,0.378344032257,0.420204554497,0.436870981679,0.0
-6.23588692309,-7.02310356938,-4.28495013859,-2.07488887041,-4.09260828405,-6.38506329415,0.409128428654,0.454896917097,0.391659205765,0.0
-6.60442823063,-6.88435766848,-4.52429679058,-2.15515479637,-3.78519276096,-6.67732240398,0.463648402287,0.516049056199,0.562637645646,0.0
-7.41158480514,-6.96277472408,-5.02505882779,-2.36744228765,-3.51252125598,-7.00783018484,0.511226447027,0.568298760444,0.434946885151,0.0
-8.89004298165,-7.38521531775,-5.71667933821,-2.72941177568,-3.43642425715,-7.472887865,0.595580681366,0.655895121293,0.162262115344,0.0
-9.51434313299,-7.66902202086,-6.13659802164,-2.94516281463,-3.29902052695,-7.77175285573,0.291192835977,0.326210619341,0.645797768449,1.0
-10.080944755,-7.89856990977,-6.54257033039,-3.14960159276,-3.25241971824,-7.97441150878,0.484094134694,0.53772972734,0.631932525478,1.0
-10.4740941593,-8.29741962202,-6.94530547907,-3.23603968447,-3.2156362315,-7.94832368448,0.416414781736,0.463407959128,0.558202655233,1.0
-10.6244058997,-8.79924046141,-7.15399027343,-3.36864085185,-3.26468218174,-7.97842509751,0.470358735607,0.522786664915,0.571991296395,0.0
-9.710913921,-9.09559051043,-7.14679291197,-3.49554664924,-3.30883241329,-7.92223673904,0.426771260771,0.474761439098,0.689689549389,1.0
-9.27153719104,-9.19236948278,-7.08202088014,-3.65138616858,-3.21808828136,-7.75770928096,0.412477656965,0.458784745494,0.671263379816,1.0
-9.36403199871,-9.53717925612,-7.08921739453,-4.03273748462,-3.24015790459,-7.64336497686,0.558032506517,0.618292295389,0.391749801781,0.0
-9.4565302257,-9.79127318956,-7.15758898904,-4.3480606116,-3.41188201108,-7.51099060935,0.435726289661,0.484678680725,0.507596248151,1.0
-9.32934601842,-9.80337319352,-7.21157249163,-4.75938296658,-3.59846609546,-7.35057379662,0.393183964085,0.437655297788,0.635855274177,1.0
-9.30622231165,-9.31334981734,-7.17198408323,-5.08420651321,-3.70901098088,-7.08998923849,0.383825127526,0.426864297019,0.653307861075,1.0
-9.41028071586,-9.13793068932,-7.23676655204,-5.33965728867,-3.82206320191,-6.85156304718,0.461997541524,0.513941997124,0.57179621704,0.0
-9.00563816592,-8.9746243485,-7.27635944832,-5.5894888914,-3.93024731908,-6.61324972764,0.549611928954,0.611300198639,0.549071711549,0.0
-8.62421103413,-8.82343003845,-7.42395636762,-5.84240303981,-3.94254385338,-6.28301792472,0.275224618016,0.305674011449,0.585322495198,1.0
-8.28912020214,-8.58155521252,-7.57879109849,-5.89475146934,-3.95730046596,-5.9410480859,0.362755868572,0.402922695505,0.652735481212,1.0
-8.23135747229,-8.53923223075,-7.73006034288,-5.86857635898,-4.04831805409,-5.66928506861,0.536185323967,0.597048604203,0.526495586324,0.0
-8.08119205096,-8.51504840545,-7.77328623076,-5.80460031941,-4.17136468313,-5.46958774182,0.459622202296,0.511493214637,0.594263515211,1.0
-7.80403667854,-8.15840515415,-7.76608173282,-5.63889517634,-4.35111349569,-5.16826325,0.394757626324,0.438715586522,0.589574934201,1.0
-7.10010882183,-7.59050984864,-7.57879109849,-5.42097805043,-4.38806270745,-4.81541038914,0.382405862337,0.423630214497,0.786821482342,1.0
-6.36253816779,-7.02913683204,-7.25116365503,-5.19449045668,-4.50879729974,-4.41322175914,0.503773820199,0.563551118328,0.676019259869,1.0
-5.84466626546,-6.72756011549,-6.77985621255,-5.01747408154,-4.661636409,-4.09108762568,0.383682607172,0.425407860758,0.496095043547,0.0
-5.10937166409,-6.26350518892,-6.39881996616,-4.84635573901,-4.68876137648,-3.76934400274,0.37553519362,0.415466867935,0.593053050151,1.0
-4.5933554768,-5.84809348668,-6.05401438775,-4.67823109762,-4.730686664,-3.54119422524,0.475240057721,0.530243291479,0.571218603149,0.0
-4.86845582844,-5.62552019473,-5.83148339292,-4.68982286557,-4.85403029001,-3.38855266733,0.355018201037,0.393169535673,0.460169105055,0.0
-5.17823825928,-5.40308407945,-5.5552968132,-4.70721136786,-4.80715378623,-3.2756216076,0.392916738422,0.43597409356,0.580180076842,1.0
-5.14380313479,-5.11473404346,-5.35815132328,-4.68982286557,-4.66656803587,-3.20234480769,0.40812484783,0.453282030111,0.571292935442,1.0
-5.27008292579,-4.79664735681,-5.15395760136,-4.571028926,-4.4816891407,-3.01628784069,0.434277332732,0.483198286125,0.602064291026,1.0
-5.23563818329,-4.5088567257,-4.77099683059,-4.42622430707,-4.22306111574,-2.82247858441,0.380689679745,0.421576639433,0.5931634599,1.0
-4.97168283197,-4.5148494668,-4.43853726487,-4.27860021788,-4.04093707142,-2.77701763189,0.411022761688,0.456505844773,0.513999325711,0.0
-4.4902591836,-4.42497158797,-4.05294722448,-3.97202997589,-3.8122305586,-2.71378357155,0.424247462841,0.471560888052,0.683855238712,1.0
-4.20407820811,-4.25727658244,-3.77481365749,-3.51285720826,-3.59355414338,-2.64859305117,0.439924701746,0.489753979731,0.549250962851,0.0
-4.55898594865,-4.5088567257,-3.65010918856,-3.32827600195,-3.55180654785,-2.67032100231,0.507224000428,0.565642954075,0.316762808337,0.0
-5.15528110491,-4.8026459622,-3.5788777352,-3.19281656504,-3.52970778558,-2.71773515364,0.559671490585,0.623850231588,0.414020138522,0.0
-5.86766848143,-5.03668293759,-3.58599994719,-3.12655695633,-3.63530887831,-2.73156626615,0.465186434438,0.517576774732,0.472014967344,0.0
-6.89255549315,-5.31895626492,-3.62161412283,-3.04016046876,-3.76553072969,-2.76318358996,0.332220882795,0.369210559742,0.499294565742,1.0
-7.65395432503,-5.5653885095,-3.59668365513,-2.99985348079,-3.85156341783,-2.82247858441,0.531197111587,0.591845093987,0.594166278017,1.0
-8.1158432709,-5.99253542996,-3.66079568863,-3.04016046876,-3.92532886928,-2.95694037939,0.389787228989,0.433762364142,0.52628563736,0.0
-8.39310208464,-6.45027493309,-3.76055856435,-2.95091909115,-3.98927600435,-3.15680613202,0.434609880224,0.483481863241,0.530841092486,0.0
-8.54331724757,-6.90245285047,-4.03154173439,-2.89911801243,-4.04831805409,-3.33703350251,0.4423772395,0.492081157237,0.535370062407,0.0
-8.90160209655,-7.62674509193,-4.40638413216,-2.9336507117,-4.08276537014,-3.64234762837,0.585366722685,0.649227704964,0.443326997755,0.0
-9.05187863268,-8.10401418991,-4.58863327828,-2.93652868113,-3.88598465327,-3.86661907272,0.244279886221,0.271350829702,0.793895048156,1.0
-9.01719815975,-8.32764295611,-4.87116526823,-2.94228473261,-3.8196050053,-4.04538370393,0.332434663325,0.369983708521,0.562716074146,0.0
-8.58954155581,-8.24906432961,-5.00000122724,-2.84732916109,-3.67215718393,-4.15071325731,0.403813607131,0.448760682438,0.723681475663,1.0
-7.86176907062,-7.94690492051,-4.96062902881,-2.70928599897,-3.4928810087,-4.22824638078,0.271970403273,0.297920114104,0.712988620485,1.0
-7.18084559498,-7.77774605797,-5.02863864715,-2.65754272714,-3.35053752503,-4.22824638078,0.327565217908,0.362443957549,0.522350398374,0.0
-6.85797132724,-7.68714151068,-5.12172806356,-2.59431811636,-3.27939799413,-4.16661567055,0.400802864659,0.445344474477,0.53572549259,0.0
-6.52378382536,-7.49389235556,-5.26141234763,-2.55409417211,-3.23525336135,-4.09506225262,0.425518269328,0.473285027994,0.517730323352,0.0
-6.91561290809,-7.47577819901,-5.52302902064,-2.62592805272,-3.15189213495,-4.03147538626,0.419579921258,0.46678983254,0.417152777616,0.0
-7.04244697509,-7.16188562062,-5.60549697783,-2.69491160562,-2.98036248538,-3.93016569097,0.346354151202,0.383331116279,0.70491717497,1.0
-7.44620336746,-7.01707037505,-5.94991149546,-2.92789488553,-2.95097060895,-3.93612399109,0.533483375595,0.593483869202,0.458230697765,0.0
-7.80403667854,-7.0351701629,-6.2443407925,-3.08335457479,-2.96076746778,-3.92222150475,0.420150002672,0.467397592937,0.50821756896,1.0
-8.4739844745,-7.21016580419,-6.48147080288,-3.39459333926,-3.03670777741,-4.01955455716,0.517550787722,0.57429087859,0.429054235287,0.0
-8.8553662002,-7.61466645795,-6.6755796389,-3.69180519819,-3.12002676229,-4.10897391505,0.371675267374,0.414643495237,0.470412544157,0.0
-9.43340537558,-7.98315816387,-6.71513017504,-3.83621234857,-3.15189213495,-4.21631676116,0.126237403279,0.141583984745,0.681232850611,1.0
-10.2659595502,-8.62992628828,-6.99926787268,-4.20047830008,-3.3701660251,-4.47888766186,0.531672179433,0.587619267544,0.817138129074,0.0
-11.2486588477,-9.33149743948,-7.3627532373,-4.6115872855,-3.60092210854,-4.74966875243,0.403397922766,0.450058871929,0.544150167264,0.0
-11.7455378745,-9.94252425913,-7.61120307362,-5.01747408154,-3.81468868364,-4.9469362114,0.489545538222,0.542289804155,0.553618368113,1.0
-12.4960947562,-10.5354160128,-7.95342171897,-5.51393955366,-4.11721716416,-5.18821010386,0.377399834914,0.422807217842,0.415145930697,0.0
-13.5338106009,-11.3821666724,-8.27055946297,-5.98783286585,-4.52112003992,-5.41169670106,0.450304934173,0.499999557035,0.553618368113,1.0
-14.4427415636,-12.2947385213,-8.72843465033,-6.70700675697,-5.09345778144,-5.69325620042,0.421040754883,0.469286101486,0.289065407555,0.0
-15.028317168,-13.1156423315,-9.22976364519,-7.34264531492,-5.56294917817,-5.81113689574,0.418902949577,0.46696830591,0.573053096172,1.0
-15.7501527609,-13.754564998,-9.71678312499,-7.84464436736,-6.09248441657,-6.02701324754,0.414152271121,0.462056292,0.568217012678,0.0
-16.4244355707,-14.5007446078,-10.4058804637,-8.36451433087,-6.65494390784,-6.28901992307,0.500305824926,0.550713196526,0.430563928171,0.0
-17.1423715901,-15.4192221375,-11.1778044718,-8.84374392684,-7.15850617819,-6.57120679337,0.44446753802,0.493389289534,0.548696190515,0.0
-17.0171809157,-15.8265325448,-11.8087360187,-9.27344124877,-7.64016902355,-6.8054934262,0.408017957565,0.455712128408,0.651043362881,1.0
-17.0627130302,-16.1555267441,-12.4248101336,-9.72953768502,-8.1296329838,-7.08998923849,0.403688901821,0.451206217578,0.548749637118,1.0
-17.324338562,-16.6690941717,-13.0978604011,-10.1827455682,-8.69149303313,-7.42877178765,0.469081990772,0.518638749281,0.44527382503,0.0
-17.2561189965,-16.9850407652,-13.6407032239,-10.6154648102,-9.24863761058,-7.66342400438,0.441148001449,0.490010765446,0.548711580336,1.0
-17.0627130302,-17.2588972429,-14.3084293183,-11.0071900759,-9.7686078081,-7.8961506836,0.439562462514,0.488422351181,0.646315979068,1.0
-16.8235660025,-17.0684245978,-14.7350052253,-11.2848491305,-10.3035455194,-8.11088478088,0.445578009109,0.494827207319,0.722279781138,1.0
-16.504315373,-16.9254617841,-15.1359907123,-11.62087815,-10.786189349,-8.34374236692,0.406390850193,0.453625117471,0.625607097045,1.0
-15.4868337245,-16.5318513106,-15.2790749266,-11.8224418461,-11.0498578527,-8.48629565222,0.552438582635,0.609918868805,0.685378248594,1.0
-14.7643618167,-16.119656711,-15.4757032094,-12.1787126288,-11.3209407209,-8.66501631817,0.39446070892,0.440660533243,0.506110165569,0.0
-13.3149134191,-15.2633321303,-15.511439483,-12.3859722588,-11.3731610715,-8.71120706234,0.652475994228,0.723848452081,0.860466823789,1.0
-11.9996551124,-14.4526490217,-15.2719223316,-12.5027101866,-11.4030002205,-8.75539113199,0.34546933734,0.384556312188,0.599150891055,1.0
-10.0115635442,-13.2483204275,-14.7529169747,-12.4180772731,-11.2935862942,-8.65296685084,0.389502188281,0.431916772186,0.809539311492,1.0
-7.52698746713,-11.4123985157,-13.9711164004,-12.0765203522,-10.9230034945,-8.38991937009,0.463203026182,0.517690715466,0.914796476537,1.0
-5.6721945243,-10.0574757409,-13.356777451,-11.8633333109,-10.7339486932,-8.29355249381,0.277510882023,0.302917454499,0.281196624694,0.0
-4.37575147194,-8.61178689482,-12.6624462507,-11.7085199328,-10.4727283235,-8.23533563391,0.504486421967,0.564958025392,0.605713116353,1.0
-3.37021296478,-7.39125242798,-11.8195484915,-11.4660254576,-10.2065115467,-8.23132081533,0.375986508073,0.415776787113,0.54488355759,0.0
-3.7582447705,-6.55875805148,-11.235504277,-11.3900517568,-10.1492857737,-8.28752988918,0.402982238401,0.447884351551,0.275618465185,0.0
-5.01757246687,-5.92632619067,-10.6187280861,-11.2000960331,-10.0597144266,-8.37385755568,0.438980504403,0.488475264755,0.459725376361,1.0
-5.48831456492,-5.20481646885,-9.9368619761,-11.0101130807,-10.0646906246,-8.45015347988,0.478993093701,0.53359584636,0.58945519302,0.0
-5.59173540317,-4.58077786252,-9.04580446613,-10.7353290968,-9.9825832863,-8.36181136789,0.501653829938,0.56132469459,0.727991067082,1.0
-5.72967620944,-4.12558820969,-8.2849775675,-10.3172440723,-9.89301174071,-8.32768131816,0.383937956139,0.425286456546,0.549226518419,0.0
-5.81016555276,-4.37105858854,-7.71205034153,-10.0131577267,-9.92286888495,-8.40397367213,0.418992024799,0.465975730235,0.382661474523,0.0
-6.32799320844,-5.30093159599,-7.17558291458,-9.82895007404,-10.0174167137,-8.55858369805,0.285456391741,0.318505422625,0.375438404974,0.0
-7.01938396583,-5.90827107836,-6.73310876601,-9.62427935218,-10.0870835021,-8.76141635197,0.414366051652,0.461263506179,0.452171371847,0.0
-8.21980536793,-6.58889682477,-6.28026121339,-9.39038237908,-10.2363683105,-8.92812483108,0.432721485537,0.481383131266,0.594836817383,1.0
-8.40465631472,-6.75770962344,-5.65570415842,-8.78821355367,-10.0995239782,-9.01048189454,0.423291388801,0.470640490139,0.889908573268,1.0
-8.28912020214,-6.73961969436,-5.15037638346,-8.30608646915,-10.0273691202,-9.11694966552,0.414294791475,0.460604565825,0.522276057029,0.0
-8.17359845485,-6.95070978721,-4.89979085649,-7.90887989966,-9.95272607239,-9.18927103123,0.379994893021,0.422788504971,0.403578701497,0.0
-7.96569860191,-7.2041305556,-4.62080687686,-7.47978095268,-9.895499834,-9.25154990726,0.418338806511,0.46548464803,0.526192759149,0.0
-7.55007052051,-7.61466645795,-4.49213394327,-6.95767202814,-9.83080956875,-9.22141473005,0.456367987553,0.507943438461,0.652640722977,1.0
-8.15049591447,-8.02545572105,-4.46354778869,-6.54093946224,-9.64420612557,-9.22945073456,0.393237409218,0.437402071725,0.558154074156,0.0
-7.94260193032,-7.85627930792,-4.51000174551,-5.9965603823,-9.31580548397,-9.16717254241,0.48847663557,0.544869044544,0.651286810534,1.0
-7.19238037327,-7.40332682803,-4.79603583937,-5.34546527059,-8.97252747542,-9.02856085125,0.470049941507,0.524201239413,0.699092220904,1.0
-6.52378382536,-6.94467742369,-4.88547772956,-4.76807911709,-8.60943266373,-8.92611617788,0.432080143946,0.480676892473,0.544726842387,0.0
-6.09776548501,-6.50451324477,-5.02863864715,-4.19179947351,-8.22905337971,-8.79555979515,0.447377328575,0.498154500461,0.51823602619,1.0
-6.00571056827,-6.76976994842,-5.28649014562,-3.81599036095,-7.82647522144,-8.72526546095,0.394389448743,0.438523900693,0.413551238519,0.0
-6.17833071101,-6.75167957249,-5.26499477471,-3.4003609458,-7.40922141184,-8.6670245746,0.433980415328,0.482824270902,0.535733988732,1.0
-6.06324241388,-6.29964787252,-5.12172806356,-2.98258128786,-6.88557836396,-8.514407092,0.452876238888,0.504627225811,0.777393956632,1.0
-4.70794977173,-5.24085637898,-4.64225791159,-2.25266437159,-6.08505601213,-8.24938763961,0.600141332684,0.682343329722,1.0,1.0
-3.41583136308,-4.34111141673,-4.34923211024,-1.71982581145,-5.27129316104,-8.01856210536,0.532972677661,0.602069785025,0.725813352733,1.0
-1.38387721409,-3.22355435671,-3.92454056937,-1.1628346541,-4.45704759878,-7.70755594193,0.547486000344,0.620832717405,0.624353736056,1.0
0.156164252854,-2.49730732959,-3.3902156985,-0.852257446074,-3.69672577369,-7.43077699591,0.36528560485,0.400279142369,0.549420362877,0.0
1.34819346359,-1.8032051466,-2.70805131657,-0.746961590155,-2.860370321,-7.12205468782,0.396574760833,0.43775156136,0.474210294814,1.0
1.87954914016,-0.822825252978,-1.85136095101,-0.346317716975,-1.96869992227,-6.69334192509,0.462454794325,0.517910859391,0.706156307054,1.0
2.07823753645,-0.053155061222,-1.13216528548,-0.0882801999627,-1.16605317131,-6.40507500051,0.373035149082,0.409068974948,0.457790539742,0.0
1.97893285061,0.93988226795,-0.689424097725,0.189123240812,-0.439559079236,-6.04300882726,0.390161344917,0.429974846549,0.511843187349,0.0
2.81496149641,2.17402801371,0.0667699567389,0.807157228011,0.420672971442,-5.55344696901,0.576708611199,0.660669255251,0.789123022348,1.0
3.74286933104,3.27599098164,0.996286428468,1.45891347467,1.22808943712,-4.96088920253,0.441029234488,0.491910051742,0.622084637426,1.0
3.81893529985,3.58969819937,1.79545356128,1.98749764127,1.96418722824,-4.45500738891,0.330617528816,0.355936693695,0.438536953517,0.0
3.40535702926,3.47572689467,2.2430251866,2.16041442846,2.35786851764,-4.14475009529,0.345219926721,0.377104510435,0.197653218463,0.0
3.00115956652,3.2131422712,2.72661468999,2.36369803925,2.71014292612,-3.71575950205,0.303105162206,0.327231573442,0.413459527534,0.0
1.90164120702,3.07589516585,3.06155403286,2.71376269415,2.91063190446,-3.25977600669,0.422477835116,0.469244526535,0.532401320469,1.0
0.825836989098,3.0072089329,3.41932009403,3.21203266585,2.96953288844,-2.77899399612,0.45677773357,0.510381599354,0.620846396631,1.0
0.178536132545,2.71483171747,3.80982332562,3.7383303193,3.18132384949,-2.26379200035,0.39922920242,0.441313096817,0.570485588434,0.0
-0.51651283022,2.13942623879,3.91484582106,4.02382034117,3.1601626487,-1.901372722,0.414746105928,0.460584947903,0.252825462392,0.0
-1.15816503159,1.59607744162,4.17187536009,4.11150709827,3.16956812008,-1.43361301787,0.369507770328,0.408146588473,0.396682939041,0.0
-1.51944179125,0.829236251692,4.44510930645,4.34133024666,3.37394099087,-0.9455323837,0.400268413333,0.443342688048,0.631117345433,1.0
-4.38720014644,-1.21786641627,3.91484582106,4.11698505791,3.0990078846,-0.839865723053,0.476849350048,0.528460259531,0.662502677877,0.0
-7.3538915574,-3.09241499071,3.0274214421,3.88391703915,2.79981621696,-0.718626868088,0.478025142966,0.529369790468,0.505941782066,0.0
-9.30622231165,-4.47290291904,2.16739591473,3.60630650078,2.40048052493,-0.566226918581,0.454479592867,0.504607069321,0.600911817356,1.0
-11.791746587,-6.10692291793,1.06913601772,3.24517281257,1.92855180131,-0.542793396918,0.497603876554,0.549065294325,0.316399776096,0.0
-14.0288045332,-7.4697402626,0.199422975131,2.89117411112,1.69072496304,-0.42762803444,0.491107323765,0.543805887693,0.681182540264,1.0
-14.6150757013,-9.3012514813,-0.903622218059,2.3414369927,1.39759336816,-0.376903453073,0.44326799171,0.492308484202,0.33983635947,0.0
-15.2347364467,-11.1886648047,-2.18368952897,1.79198079972,1.10859172275,-0.373002231301,0.439467448945,0.488288062749,0.401666312895,0.0
-16.1160850277,-12.6751524589,-3.41156619115,1.18960194899,0.768648239602,-0.404214683972,0.427739211506,0.476213585931,0.529020338478,0.0
-16.6639950428,-14.2602021104,-4.68516467882,0.663468618126,0.213892614867,-0.515458572696,0.40409270949,0.452180211041,0.424562348423,0.0
-17.5856422536,-15.9103155951,-6.14377999976,0.115575962014,-0.246371719802,-0.613104097799,0.430571803536,0.479124635605,0.637339151405,1.0
-17.8012511144,-16.3288267757,-7.65081985428,-0.52804742147,-0.613627378433,-0.773368962884,0.430625248668,0.479174164801,0.597779458107,1.0
-17.8012511144,-16.6511974526,-8.98448905654,-1.42540563917,-0.950198398407,-0.892690779684,0.433024341289,0.481645869917,0.597733480918,1.0
-17.7899090477,-17.1041508962,-10.0920010774,-2.36170184509,-1.37974582026,-1.16882168983,0.458648313212,0.507975915107,0.470028740096,0.0
-17.7445343292,-17.3659640933,-11.2318981137,-3.40324480176,-1.80545625934,-1.49643597194,0.45557818726,0.504643956494,0.469413140521,0.0
-18.4918591376,-18.2382437603,-12.5760436324,-4.55075187385,-2.47635524666,-2.06280270707,0.505145578603,0.553053127593,0.257770430317,0.0
-19.3710955969,-18.8116455426,-14.0141940556,-5.74644970955,-3.19847261472,-2.8027117787,0.473903929405,0.521991240426,0.466668809366,0.0
-20.1337890348,-19.2125067407,-15.3756180598,-7.00140534952,-3.84910493579,-3.37666262908,0.460239790495,0.508673128892,0.61459705615,1.0
-20.9927636297,-19.6593876959,-16.5243708226,-8.23305677196,-4.56548627968,-4.03346224374,0.512711034045,0.560201508047,0.599725621486,0.0
-21.9126857863,-20.1225747227,-17.7384500719,-9.50732874853,-5.22188477389,-4.70584899526,0.465251756266,0.513033231019,0.429313077759,0.0
-22.1884826483,-20.6543538566,-19.029604494,-10.9633443648,-5.92661634352,-5.26202398649,0.440328509415,0.488730852235,0.543276659443,1.0
-22.3206458242,-21.1783420175,-19.5910689111,-12.4501807177,-6.71197238546,-5.81513350316,0.425530146024,0.474241443086,0.584507791003,1.0
-22.7601400412,-21.8044444037,-20.1575452049,-13.8434013913,-7.76188348616,-6.39306786723,0.49475346948,0.541647540309,0.465325959038,0.0
-23.2962589453,-22.5310034436,-20.8608919996,-15.1014486783,-8.88796243735,-7.13608390984,0.56227248704,0.60566221329,0.40098133816,0.0
-23.7319983264,-23.2360004512,-21.4397131039,-16.3717074468,-10.0945477888,-7.87006552932,0.344578585129,0.39717895949,0.452996102004,0.0
-24.1334814889,-23.5896981994,-22.1605182094,-17.6239467448,-11.2363887233,-8.49031152646,0.444984174302,0.493023480313,0.611677439407,1.0
-24.3390464568,-23.7661161088,-22.5999057762,-18.8571275391,-12.3374768756,-8.99441188134,0.409888537207,0.459114623582,0.673270794698,1.0
-24.274175854,-23.9592709782,-22.9488775583,-20.0335000761,-13.4913148565,-9.44241523944,0.436017268716,0.484513489924,0.631266463861,1.0
-23.840658425,-24.0103408701,-23.2388770302,-20.9675760429,-14.5581921674,-9.89852642573,0.416788897664,0.46566166822,0.615397213893,1.0
-23.4053570293,-24.0103408701,-23.5077311947,-21.9260822283,-15.6341074071,-10.5214192314,0.475234119373,0.522772266967,0.50700388423,0.0
-23.3835460496,-24.2087076008,-23.9351606708,-23.0406523557,-16.9436905302,-11.1582447342,0.567801089093,0.610751441785,0.358547454037,0.0
-23.5905748185,-24.4236434665,-24.367599071,-23.587039482,-18.2797643652,-11.7205001895,0.41932457229,0.468409773786,0.511558621628,1.0
-23.5796883885,-24.3840842158,-24.7075239216,-24.0128542931,-19.4226522774,-12.2021654869,0.408362381753,0.45750516371,0.667439668319,1.0
-23.8189352998,-24.2822894005,-25.0697129964,-24.5160852882,-20.4230756824,-12.7737198233,0.444319079319,0.492538309616,0.522352870346,0.0
-23.8189352998,-24.0557153451,-25.3471344663,-24.8619587702,-21.3785051401,-13.2906380182,0.425536084372,0.474285656705,0.569156529407,1.0
-22.9573754792,-23.5953936205,-25.2837003038,-25.2093147402,-22.2204609177,-13.803001353,0.541933644899,0.590617762924,0.80101255657,1.0
-22.1774625853,-23.2988362523,-25.2135390145,-25.4149572876,-23.1154758985,-14.3506896712,0.426937534517,0.475532497338,0.609245319342,0.0
-21.7690308589,-23.0816171382,-25.2001690422,-25.5877782525,-23.9964340125,-14.8716267935,0.455043735934,0.503555518784,0.507982863698,0.0
-21.2594239285,-22.944210076,-25.1500148263,-25.752195814,-24.7102790827,-15.4215897271,0.478114218187,0.526447583817,0.502802794749,0.0
-21.215017043,-22.9212927818,-25.1366358902,-25.9539398837,-25.4902516895,-15.9426942961,0.385357221328,0.434985976214,0.331393666134,0.0
-21.9678941073,-22.8582466045,-25.2168812121,-26.2623943666,-26.382092602,-16.5559525943,0.433624114444,0.482158666956,0.364981458377,0.0
-22.7601400412,-22.8639795038,-25.3471344663,-26.6071029705,-26.8336705752,-17.2605298397,0.491647713439,0.537890074209,0.406327015687,0.0
-23.4271636774,-23.0014832033,-25.4038548976,-26.9397918123,-27.2377867485,-18.1281424913,0.458137615278,0.505784370861,0.558861199819,1.0
-24.0901521948,-23.0873388207,-25.3938479166,-27.2658564962,-27.6846952388,-19.0113993241,0.494082436148,0.54029545571,0.532600230291,0.0
-24.5010412424,-23.2817027403,-25.3738307297,-27.5747982834,-28.0444095641,-19.9465686249,0.456249220592,0.503808391113,0.50083739421,0.0
-24.5765494046,-23.7092388323,-25.3538092474,-27.7222424627,-28.4955504113,-20.8257713696,0.536339721016,0.580821135183,0.574659989888,1.0
-24.8457520884,-24.2596544884,-25.5038654394,-27.9219001194,-28.8778579428,-21.7667436609,0.630913852385,0.669000727654,0.41491056678,0.0
-25.4567386469,-24.9252443443,-25.770029592,-28.2204156358,-29.277867189,-22.8094473894,0.463066444177,0.509585757394,0.337031231958,0.0
-25.9575309056,-25.5304450658,-26.0486611424,-28.4630685239,-29.6472630311,-23.7862092705,0.394626982666,0.445595594067,0.521242004522,1.0
-26.8034672105,-26.1871640259,-26.4254027152,-28.7594302953,-30.0666733023,-24.8195151562,1.0,1.0,0.316004866349,0.0
-27.9423370369,-26.8279877461,-26.7709481673,-29.1217283716,-30.5651757863,-26.0045343885,0.58507574363,0.618685033044,0.307152257018,0.0
-28.7984325917,-27.4202270455,-27.128154957,-29.5001482679,-31.07260545,-27.2067040025,0.423499230984,0.472921688541,0.497636645495,1.0
-29.5228056876,-28.1164795628,-27.6236708303,-29.8713879647,-31.6097110732,-28.3321485673,0.638259588948,0.665223691435,0.468940978326,0.0
-30.2496459645,-28.7580976792,-28.0579348526,-30.1669061523,-32.1189554839,-29.3100822469,0.490792591317,0.533379615821,0.519848640399,1.0
-30.4100849847,-29.2716047969,-28.4768826088,-30.395274367,-32.5634646087,-30.2395765222,0.265883596501,0.330116465888,0.620557650656,1.0
-30.4401230113,-29.8659501926,-29.0753676269,-30.6632075555,-32.9115779078,-31.1766394458,0.418493203561,0.468432122792,0.486280162552,0.0
-30.1793292146,-30.1664285373,-29.5644746614,-30.9199642077,-33.1855955295,-32.086007064,0.314494913805,0.372889933385,0.713494039416,1.0
-29.8973083624,-30.3921985546,-30.072097562,-31.2281777355,-33.507254653,-32.9878594381,0.436700178744,0.484872418852,0.531410524377,0.0
-29.6343606143,-30.6328481473,-30.5540237874,-31.5522442789,-33.7903899495,-33.7502719644,0.582926061628,0.618203316835,0.575786998471,1.0
-29.6140914607,-30.7059092156,-30.9642298859,-31.8696115981,-34.0497403637,-34.5160681227,0.525223133429,0.565141839834,0.514616663847,0.0
-29.8367192519,-30.8361651807,-31.3994257873,-32.1901780614,-34.3820931105,-35.3669743714,0.693432780869,0.71292740132,0.348919982367,0.0
-30.2998258168,-30.9401751528,-31.7917927472,-32.5065068592,-34.7162003215,-35.8833019283,0.467526143577,0.512281268065,0.508294056468,1.0
-30.7397292029,-31.0232579696,-32.2300835309,-32.9157937212,-35.0361186989,-36.3874824022,0.449426058659,0.496044359753,0.536518866156,0.0
-31.2457956755,-31.1528512817,-32.6650214254,-33.3003330093,-35.3145196173,-36.916462805,0.394567599185,0.447490527199,0.490768014237,0.0
-31.8553819248,-31.4627556926,-33.1323653984,-33.756200932,-35.608856633,-37.3994037248,0.291947006182,0.358237054306,0.426373425622,0.0
-32.3229962031,-31.8222942105,-33.6724783222,-34.3664185105,-35.9517832567,-37.9781841145,0.25702358118,0.329604232913,0.377944380346,0.0
-32.729011807,-32.2711642253,-34.0987838976,-34.9341858488,-36.3190212943,-38.4497649003,0.314239564838,0.378218933286,0.588492907907,1.0
-32.8156290536,-32.5398084665,-34.3790504759,-35.4306562363,-36.6564298039,-38.8571868006,0.229059900117,0.301661101277,0.731281118006,1.0
-32.3714862731,-32.5650858369,-34.5272963774,-35.7960818225,-36.9134195644,-39.1763856716,0.261697061112,0.325775570585,0.876012283798,1.0
-31.8064537314,-32.5852994595,-34.5795110231,-36.1062932035,-37.1631634423,-39.4798386568,0.403065375274,0.454415073416,0.603882384542,0.0
-30.9982410037,-32.4132495604,-34.5534107179,-36.3488202721,-37.343837637,-39.7962578379,0.451985486677,0.498720166459,0.587048400342,1.0
-30.0586104575,-32.149092615,-34.4604960316,-36.5202562844,-37.4881683356,-40.0858375845,0.41166410328,0.461888940551,0.685466103156,1.0
-29.0236823231,-31.6736076323,-34.2361955761,-36.6349126272,-37.6282480023,-40.3324465114,0.316211096397,0.372163111071,0.818025337439,1.0
-28.5416114553,-31.1942633761,-34.0372649068,-36.7492578724,-37.7511071213,-40.5744257299,0.349044222878,0.403087816196,0.591477575586,0.0
-27.9423370369,-30.5910611329,-33.8728462634,-36.8387222461,-37.8883995902,-40.7911999091,0.430447098226,0.479140161679,0.526622594764,1.0
-27.3592527724,-29.8659501926,-33.6724783222,-36.9369110653,-38.1081609684,-40.9284978421,0.348456326419,0.402314272254,0.62911994911,1.0
-26.3392280318,-28.8493009205,-33.3674922781,-36.834253589,-38.2019584365,-40.9695694896,0.477514445032,0.524826176645,0.953972692969,1.0
-25.7234611547,-27.9864087013,-33.0487796481,-36.691003137,-38.3010203781,-41.0379013868,0.480293591929,0.527319972637,0.590175706,0.0
-25.2642211396,-27.4966819813,-32.7942415198,-36.6034692833,-38.4272201073,-41.1115300649,0.51860187533,0.563503469341,0.458612615087,0.0
-25.2320964037,-27.1630221498,-32.6228842733,-36.5067468852,-38.5639099295,-41.2080696513,0.465162681045,0.511684234426,0.338023044831,0.0
-24.9317407052,-26.7013111958,-32.266457083,-36.2968028674,-38.6057270031,-41.2718082379,0.388730203032,0.439399562352,0.558926218025,1.0
-25.27492695,-26.3422844072,-31.9108248054,-36.0767349293,-38.6257096734,-41.3394683154,0.354774728766,0.406866232297,0.670062868605,1.0
-25.7873587125,-26.2869160189,-31.5959333816,-35.8784085508,-38.700094699,-41.4177641231,0.454889338884,0.502150848851,0.387293639866,0.0
-25.9362770539,-26.1261484281,-31.2207845899,-35.6562366008,-38.7399462679,-41.4433683796,0.475845769224,0.52224057541,0.590857283486,1.0
-25.616865274,-25.9428481098,-30.7594612744,-35.4514195018,-38.7526171748,-41.4447153653,0.438873614138,0.487147686624,0.617205036055,1.0
-25.6061988376,-25.7814543929,-30.2383589626,-35.2271416842,-38.7797542575,-41.4568355061,0.441765589648,0.489895097468,0.489960053222,0.0
-25.4994662808,-25.903917587,-29.706742647,-35.0390231248,-38.7363251984,-41.4850967177,0.41418790121,0.463491899357,0.658885285322,1.0
-25.4353674374,-26.1372453271,-29.333054096,-34.8875167536,-38.6964696691,-41.5630124115,0.350469426415,0.403543910558,0.414595500792,0.0
-25.2535141112,-26.1205994536,-29.0371115093,-34.6816279236,-38.6202609326,-41.6193065787,0.346746082175,0.398835147363,0.585233787512,1.0
-24.6304487624,-25.6309316166,-28.5603900423,-34.3404525697,-38.3815447936,-41.5965337542,0.526363296258,0.573515658393,0.820451359233,1.0
-23.9600557188,-25.2787501584,-28.0870141304,-33.9112358245,-38.0952687096,-41.528109946,0.311240699062,0.361544611615,0.61512817156,1.0
-22.6833465687,-24.5647994856,-27.4642676755,-33.326834022,-37.680417099,-41.3732415241,0.420363783203,0.468688092687,0.864854423671,1.0
-21.1483792213,-23.7433688365,-26.9579370151,-32.7261463527,-37.24607278,-41.2650338977,0.21532450103,0.259661614313,0.647779625556,0.0
-20.1897208183,-23.1559763612,-26.5242733887,-32.1754219956,-36.8678482876,-41.1754706909,0.212147484813,0.25960834063,0.407826778905,0.0
-20.021863114,-22.7377900045,-26.174422266,-31.6267805048,-36.5589333556,-41.1319511716,0.375594577101,0.424592212857,0.44673261642,0.0
-19.6855944451,-22.208620028,-25.7733517255,-30.9802245068,-36.195665632,-41.129229144,0.393635278538,0.442152613826,0.518314200888,1.0
-20.2679901269,-21.8333573873,-25.6303900614,-30.3902082448,-35.9129470182,-41.1401158022,0.401729246958,0.450473572987,0.502830203365,0.0
-20.7701502875,-21.2887056271,-25.4572072798,-29.8509588915,-35.602988509,-41.1428368616,0.420423166683,0.469066735139,0.518085818135,1.0
-20.469063584,-20.6310198702,-25.0697129964,-29.3227788872,-35.2080947474,-41.078827981,0.353385155317,0.400432309386,0.682470615141,1.0
-20.0106659751,-20.3039467959,-24.5864955067,-28.7931494678,-34.8098151591,-40.9846154703,0.615557284275,0.666864343674,0.807569934988,0.0
-19.7977649371,-20.0171612311,-24.2090241854,-28.2831112411,-34.3499624216,-40.8626701563,0.59135257754,0.641873941828,0.568596298777,0.0
-19.3823382459,-20.1050109118,-23.8301584069,-27.8195084968,-33.8878018027,-40.7237037019,0.644857093654,0.696597776341,0.53868004065,1.0
-19.4160615481,-20.3857840233,-23.5009328831,-27.5378940183,-33.4806951075,-40.6463879923,0.427549184368,0.476167772539,0.345162020641,0.0
-19.7192540075,-20.3857840233,-23.1502505379,-27.1890968775,-33.0188787983,-40.5342222467,0.590259921495,0.639664229653,0.624000514627,1.0
-19.4048212224,-19.9820071299,-22.6649896196,-26.7243600637,-32.4156842984,-40.3464026209,0.660201785067,0.715597968932,0.784237393639,1.0
-19.2023636395,-19.7650457789,-22.2224036627,-26.3025476558,-31.7954051983,-40.186947399,0.48785904737,0.537665659977,0.523945702952,0.0
-18.8418349684,-19.3596424407,-21.7609587309,-26.0022908726,-31.1535814793,-39.9646610228,0.562498144266,0.615260297215,0.558514949363,1.0
-18.0845901243,-18.9827161273,-21.2147183035,-25.690237152,-30.5630260509,-39.709606082,0.411349370832,0.459323371521,0.543804792559,0.0
-17.5061497843,-18.8411525183,-20.7392719861,-25.3121923944,-30.0666733023,-39.4540546398,0.475578543561,0.525585048574,0.582982585611,1.0
-17.8239333059,-18.8411525183,-20.544462121,-24.921749959,-29.621099248,-39.1850510766,0.46164124064,0.510670415563,0.334522898652,0.0
-17.9826355656,-18.8175473369,-20.3598452021,-24.6060744237,-29.1835638478,-38.8819538609,0.440352262808,0.489061909437,0.468923057185,0.0
-18.6838666956,-18.9945078396,-20.516610476,-24.3823156413,-28.8602233937,-38.6203192098,0.453196909684,0.501760475799,0.381588128829,0.0
-19.2586267563,-18.9001514557,-20.6279846676,-24.0731532598,-28.5885493346,-38.3257689403,0.413677203276,0.462223165429,0.543536863034,1.0
-19.9322630032,-18.9532332952,-20.6592930439,-23.8152689637,-28.3158642554,-38.0422952149,0.684157081183,0.732826321606,0.573824646534,0.0
-20.2232698486,-19.2713767378,-20.6071085979,-23.5732752226,-28.0466385634,-37.7777089847,0.427780779943,0.476368244368,0.538471785146,1.0
-20.6810057173,-19.5947840874,-20.6697276389,-23.3693603573,-27.8167103849,-37.5203727277,0.393860935765,0.442747486817,0.482322662099,0.0
-20.747869423,-19.9937260638,-20.6662495257,-23.1871710985,-27.7182796183,-37.2978096538,0.464960777211,0.513403046044,0.538390132408,1.0
-20.736727669,-20.2864043288,-20.6175470142,-22.8884041524,-27.5704006177,-37.0342973508,0.538679430156,0.587589706817,0.624151145224,1.0
-20.9371437682,-20.7418221653,-20.8053073745,-22.7248588561,-27.4312310164,-36.8090481383,0.450904707329,0.499319386241,0.405694399215,0.0
-21.5920023669,-21.2364394425,-21.1003453812,-22.8052744019,-27.298569411,-36.6304353878,0.260301549315,0.314184776229,0.251217873555,0.0
-22.2105197988,-21.7986610162,-21.422419364,-22.9271774918,-27.2558011986,-36.4185089557,0.471938336194,0.519021518635,0.406573459669,0.0
-23.1651994449,-22.3353734882,-21.8471782469,-23.3086638462,-27.2805645075,-36.2538123142,0.435364050428,0.483784828829,0.383190752831,0.0
-23.8080720667,-22.6689015998,-21.9918945787,-23.5567558004,-27.1566721075,-36.0071534124,0.284007434812,0.336842391807,0.652461677032,1.0
-23.9925950624,-22.8697121178,-22.1433222611,-23.6778395676,-27.0235593348,-35.7228797452,0.315557878109,0.366300647754,0.744103142602,1.0
-23.7754756949,-23.0930602133,-22.4627698922,-23.7438277812,-26.9128438232,-35.4098301724,0.387981971175,0.437457808802,0.57940184496,0.0
-23.5796883885,-23.3102571225,-22.7813652036,-23.8976412986,-26.8314073749,-35.0866396513,0.530520139907,0.576340702795,0.480826672685,0.0
-23.3289996926,-23.6750979353,-23.2320621033,-24.0704131567,-26.8268807901,-34.8126521293,0.519231340226,0.564433647534,0.416924192037,0.0
-23.5905748185,-24.1464048051,-23.6843376864,-24.2593097997,-26.7702777674,-34.5823126852,0.4643788191,0.511626202856,0.42181369644,0.0
-24.0468047679,-24.4801297379,-24.1482282096,-24.5679071443,-26.7702777674,-34.4319208184,0.480145133227,0.526763267912,0.527272185281,1.0
-24.2309058406,-24.4631871904,-24.4248949881,-24.7912490211,-26.8291441132,-34.2323041034,0.514344079764,0.560531373387,0.63169569601,1.0
-24.3930736353,-24.4462417839,-24.7411165953,-25.0357941036,-26.921887388,-34.0596298418,0.410256714787,0.459635894313,0.501190051051,0.0
-24.5981126591,-24.4236434665,-25.0395823867,-25.3581801415,-27.2242732769,-33.9648953133,0.551488446944,0.594219130154,0.378261624567,0.0
-24.7489240294,-24.6381217665,-25.3604835518,-25.5742882753,-27.5120689083,-33.9207340396,0.470940693718,0.51762316812,0.500479960978,0.0
-24.9961820326,-25.0039142441,-25.6935868834,-25.8679178321,-27.7563244524,-33.8830848026,0.481902884256,0.52783346121,0.542942488584,0.0
-25.4460536575,-25.3347411031,-26.0188493549,-26.275780857,-27.9418052348,-33.8454076527,0.58645937873,0.62705998929,0.553618368113,1.0
-25.734113878,-25.5695362381,-26.2834897295,-26.6364325046,-28.160230924,-33.8077026199,0.494925681574,0.540330172675,0.532326958855,1.0
-25.5848622393,-25.5974483267,-26.5110972305,-27.0008620165,-28.3114220667,-33.8486850339,0.497128808708,0.543015482409,0.664334292319,1.0
-25.1034882575,-25.4242569372,-26.6822282163,-27.2711475776,-28.395778449,-33.8257389386,0.334590283675,0.385609019532,0.6987210213,1.0
-24.5873316166,-25.2843507562,-26.7939343282,-27.5668916783,-28.5907621598,-33.7798157793,0.330065262445,0.381470345609,0.5588149055,0.0
-23.8297974195,-25.1274082424,-26.6920906114,-27.7090890809,-28.7101553007,-33.631926538,0.564582504439,0.61129417878,0.651008890237,1.0
-23.176126947,-24.9421075821,-26.5736658535,-27.8694085619,-28.8359688218,-33.5413407752,0.578715772846,0.624597334677,0.56391484241,0.0
-22.8368828124,-24.6888515691,-26.4122113453,-27.9848427158,-28.9989780282,-33.4786619019,0.467205472782,0.514920452102,0.475884803906,0.0
-22.6065026775,-24.3162323444,-26.3198152138,-28.0634482208,-29.0297757744,-33.3414963623,0.40101664519,0.450030939654,0.661201959316,1.0
-22.5186197142,-23.9989941627,-26.3495247468,-28.178589511,-29.1462461274,-33.2586937279,0.343444360648,0.39409988914,0.486360327082,0.0
-22.8807129519,-23.7888585215,-26.4221050624,-28.3379268905,-29.3983021107,-33.2139264279,0.392233828394,0.442094222148,0.412689656862,0.0
-23.1870533832,-23.6067835619,-26.4550758964,-28.4630685239,-29.6232799475,-33.1707815263,0.365879439657,0.41668675464,0.537933539,0.0
-23.0996120952,-23.3844640239,-26.3429235096,-28.5411747461,-29.8366486825,-33.1109847745,0.401361069378,0.450584683845,0.661968308185,1.0
-22.8697569806,-23.1445396792,-26.1016350782,-28.5671917488,-29.966949,-32.9478664168,0.710368949566,0.758299491304,0.751159467644,1.0
-22.5845380592,-22.9499386823,-25.9061367341,-28.5671917488,-30.1359580218,-32.8494246558,0.527729116314,0.575425518481,0.528114235545,0.0
-22.0230780591,-22.8467799502,-25.7534170941,-28.4396205379,-30.2138160462,-32.8160141203,0.474515579256,0.52291466261,0.56377052525,1.0
-21.6473499497,-22.8123731504,-25.6237352189,-28.330098545,-30.3325867284,-32.8193560942,0.566257118595,0.612800991925,0.44585889093,0.0
-21.4369036524,-22.6574162543,-25.3838398604,-28.1315074016,-30.3692537394,-32.9228557647,0.389715968812,0.438748161959,0.497448420614,1.0
-21.5809300088,-22.6114636366,-25.1366358902,-28.0372553822,-30.4166742929,-33.0128400487,0.476778089871,0.524950863258,0.584223327195,1.0
-21.901641207,-22.6286979729,-24.9591878065,-28.0686857075,-30.5178648714,-33.1059986928,0.507437780958,0.554150478774,0.367057814016,0.0
-22.4636597977,-22.6286979729,-24.835114869,-28.1262742471,-30.6489588618,-33.1824008995,0.351769924642,0.402920662328,0.423128820658,0.0
-22.7162642471,-22.565493087,-24.6907232826,-28.1236575342,-30.7283431223,-33.2736077705,0.317933217338,0.369673091434,0.54322529334,1.0
-23.2416695483,-22.7320508566,-24.6571134151,-28.1105726148,-30.8547221383,-33.3696196947,0.325183940331,0.37764121801,0.443518902283,0.0
-23.4925575678,-22.9384811827,-24.6369420052,-28.0136741322,-30.9530780021,-33.4225169677,0.357399478613,0.407609654636,0.677582722399,1.0
-23.3071736036,-23.0072089329,-24.5629450374,-27.890409476,-30.9787104795,-33.5314491232,0.162176285801,0.215028306691,0.656302400221,1.0
-22.7272347449,-22.9957571855,-24.4956273191,-27.7643183807,-30.8696993527,-33.5874769394,0.371146754396,0.419947685926,0.644889376943,1.0
-22.2655952791,-22.8869082461,-24.4114165216,-27.6116852911,-30.7390630726,-33.6401537557,0.235336734027,0.284922409496,0.594248899912,0.0
-21.2816218521,-22.6516731598,-24.1820081901,-27.3134637297,-30.4877396854,-33.6500246878,0.540775667025,0.590625873322,0.698481841103,1.0
-20.2679901269,-22.2604896917,-23.9250037371,-26.9371355612,-30.2635101635,-33.5479341649,0.261376390316,0.305335277254,0.770081028902,1.0
-19.3148707793,-21.6713600918,-23.589277759,-26.5243924637,-30.068839553,-33.4720597427,0.328028409057,0.373517308517,0.597779458107,1.0
-18.6387069489,-21.0155364871,-23.204798231,-26.1230531,-29.8714202903,-33.4753609266,0.367423410156,0.414156641912,0.56344218214,0.0
-17.9033004893,-20.3916277932,-22.8018899935,-25.7198748312,-29.6363626778,-33.4505969644,0.354697530241,0.400981853378,0.568338731445,1.0
-17.5061497843,-19.6652594472,-22.4764906026,-25.3581801415,-29.3545317594,-33.4555506951,0.343278086902,0.389174184751,0.519288743004,1.0
-17.2902315046,-19.0180888234,-22.2224036627,-25.0439349387,-29.0319751027,-33.4324292736,0.429401948966,0.47789457027,0.675399611573,1.0
-17.2106272165,-18.4749177647,-21.9471192606,-24.7340999277,-28.7256178665,-33.4291253799,0.382174266762,0.429090784493,0.494950917993,0.0
-17.3584401439,-18.1967948534,-21.7782073146,-24.5515452561,-28.5154886514,-33.4076449948,0.09118333462,0.132351961799,0.444818595858,0.0
-17.5629332536,-17.9182614274,-21.5503390562,-24.3549938878,-28.2825414074,-33.3894624145,0.396265966733,0.444135645956,0.578384611523,0.0
-18.0279553588,-17.9538412732,-21.4293371326,-24.1854350228,-28.0444095641,-33.3596955275,0.35913347625,0.407115076515,0.458404749623,0.0
-18.4240430575,-18.0486890201,-21.2493576153,-24.0210789374,-27.7630363182,-33.3100466399,0.35900877094,0.406244695378,0.618112380061,1.0
-18.9433105424,-18.2796835165,-21.0309815432,-23.8564631598,-27.5030909823,-33.2835481331,0.314928413214,0.36247762287,0.543601213066,0.0
-18.9883916312,-18.3802845523,-20.697549477,-23.5925446952,-27.2039988397,-33.2255363888,0.405060660226,0.453122170822,0.533794945494,1.0
-19.2248711703,-18.6108667811,-20.4608910732,-23.3748765664,-26.9535320845,-33.1741016056,0.408166416266,0.456545109297,0.49351543783,0.0
-19.3823382459,-18.9355411658,-20.220357458,-23.2645000126,-26.7748074194,-33.1574991423,0.356158363866,0.40468518536,0.371859372512,0.0
-19.5284219645,-19.2183946788,-20.0038936229,-23.192696369,-26.6206621621,-33.1309244585,0.35396117508,0.401648136112,0.613561874178,1.0
-19.3036235076,-19.3714076189,-19.7731262652,-23.0434186215,-26.4207632595,-33.0411374197,0.363777264441,0.411028408847,0.632912058592,1.0
-16.8121717365,-18.0960953996,-18.8502419018,-22.3080377284,-25.7747745865,-32.5160820618,0.823328206559,0.925796608543,0.77569680548,1.0
-14.3278054757,-16.9314203939,-17.9931518711,-21.5765645912,-25.1587366335,-32.0029919853,0.580847639804,0.648091748926,0.54912808402,0.0
-11.4335708391,-15.5151129825,-17.1748508592,-20.8127890871,-24.4666973102,-31.4099966591,0.621721289572,0.696022922808,0.598118017188,1.0
-8.69355308423,-14.1699579418,-16.4353660638,-20.0335000761,-23.8049241364,-30.8733209632,0.662351467069,0.74290190242,0.620179106174,1.0
-6.20135224226,-12.7475856697,-15.7329033026,-19.1847459628,-23.1107709972,-30.3755346859,0.451635124141,0.502882409931,0.52246861376,0.0
-6.99632195639,-11.8355511919,-15.2540400947,-18.4803171743,-22.5282256665,-29.9825766914,0.253733736349,0.284376096915,0.287340799527,0.0
-7.64241087969,-10.8620693107,-14.8173912381,-17.8247736143,-21.9594364239,-29.5784680135,0.38110536411,0.42484267278,0.419827262486,0.0
-8.3353329776,-9.70657376183,-14.3299496553,-17.0778607903,-21.40952211,-29.1098846825,0.412513287054,0.459086490539,0.590256989686,1.0
-8.93627999094,-8.58760148432,-13.8382645053,-16.3659342463,-20.9052047794,-28.6042305977,0.483215259179,0.53747974225,0.626400016378,1.0
-9.51434313299,-7.58447083434,-13.3352063029,-15.6953541834,-20.3774174116,-28.1040530385,0.488090642945,0.542775287158,0.553618368113,0.0
-9.78029376778,-8.14027444682,-12.8891924929,-15.2000328492,-19.9610392225,-27.7091117404,0.447026966039,0.496941812729,0.488615527669,0.0
-10.0,-8.59364778859,-12.4536192746,-14.7126100482,-19.5096903813,-27.2994427333,0.460221975451,0.511211460369,0.441854264323,0.0
-10.8440757527,-9.39803987585,-12.0790058611,-14.4279469968,-19.1733705776,-26.9150718959,0.560306893828,0.617129076304,0.358932964423,0.0
-11.9072577022,-10.2692265199,-11.7907149353,-14.2419208929,-18.8533605481,-26.5380806957,0.347286471849,0.39066631951,0.439368106302,0.0
-12.6807217351,-10.9769902561,-11.3617134185,-14.0092579835,-18.4111712071,-26.1059749137,0.484313853572,0.536708336648,0.624274639331,1.0
-12.8422232513,-11.2007595386,-10.9505886734,-13.7269707015,-17.8996297611,-25.649509605,0.342559546785,0.383920074575,0.651800414106,1.0
-12.8883580753,-11.3398407612,-10.4527802966,-13.4386694941,-17.3965322405,-25.1870266523,0.362559903086,0.405387459777,0.576948709402,1.0
-12.7268696389,-11.6965357889,-9.97654872554,-13.2143095975,-16.9044820171,-24.7933443227,0.491843678925,0.54472182409,0.492321605631,0.0
-12.5537966325,-12.1618444997,-9.5869041393,-13.0394125307,-16.487478744,-24.4637453313,0.445334536839,0.494850174563,0.487473982553,0.0
-12.4268456038,-12.500069477,-9.19008465538,-12.7944588369,-16.0549967696,-24.091650167,0.361918561495,0.404993954105,0.666049720285,1.0
-12.1844172078,-12.4578007044,-9.49671289283,-12.412240114,-15.6168641367,-23.718213326,0.450417762787,0.500701127171,0.706312299102,1.0
-12.2652360991,-12.524221801,-9.80697871374,-12.0911201003,-15.2298488617,-23.3737976017,0.395808713932,0.441530480976,0.516159886783,0.0
-12.41530336,-12.5181838066,-10.283216875,-11.7844694825,-14.9855487782,-23.0568163738,0.430417406486,0.478903573882,0.396999341116,0.0
-12.5884151949,-12.5181838066,-10.8027010413,-11.5507590645,-14.8275162147,-22.7903969363,0.401105720411,0.447794796186,0.515534947509,0.0
-13.1996636678,-12.7717280662,-11.3761364758,-11.3257623657,-14.7336480085,-22.5290922704,0.521131611608,0.574196775667,0.428519099154,0.0
-14.2243320035,-13.1819857976,-11.7546716746,-11.1913281554,-14.6619939146,-22.2576425796,0.422305623022,0.470465375653,0.505231288235,0.0
-14.7643618167,-13.5075402782,-12.0321655871,-10.9458057514,-14.550776557,-21.9453015111,0.416729514184,0.464494280806,0.596767620506,1.0
-15.1659454894,-13.7967257478,-12.4176076497,-10.7002475055,-14.4790841837,-21.7071685212,0.426159610919,0.474480688671,0.495643248086,0.0
-15.3837292456,-14.0014449944,-12.8172193536,-10.4839000906,-14.4147958516,-21.5148024698,0.434027922113,0.482721028245,0.596877751318,1.0
-15.2462000814,-14.2481708134,-13.1661989115,-10.2821577917,-14.3084475499,-21.2778033875,0.284084633337,0.324292929294,0.615786796085,1.0
-14.9135806072,-14.6089354515,-13.356777451,-10.7060944758,-14.1327819931,-21.046178859,0.492354376859,0.544557028453,0.577456661137,1.0
-15.097138995,-14.9873289402,-13.6227385806,-11.1416424401,-14.0164517148,-20.8277062915,0.365267789806,0.410828239764,0.437608605349,0.0
-15.1200762069,-15.2093511296,-13.7520673028,-11.6354856691,-13.8480834608,-20.628269466,0.380054276501,0.426313758746,0.524601031459,0.0
-14.9939005689,-15.2573347209,-13.7808016816,-12.0794403242,-13.6697360526,-20.3878008478,0.399674578526,0.446414600853,0.644433794074,1.0
-15.0627299853,-15.2213477449,-13.9100817546,-12.5260552262,-13.4640497903,-20.1041615974,0.402946608312,0.449983058032,0.601586405527,0.0
-15.5326460685,-15.2933173694,-14.1972209189,-12.8673731922,-13.379765724,-19.8511557653,0.746402845656,0.806900571308,0.407556438263,0.0
-15.6585917315,-15.4551849501,-14.4877262549,-13.1705910144,-13.2384321429,-19.6074907029,0.340510816701,0.385487886198,0.514728845163,1.0
-15.7501527609,-15.5151129825,-14.6955959898,-13.5114904668,-13.0548857835,-19.3282805067,0.487680896928,0.538528740162,0.582755425599,1.0
-16.2417552295,-15.7067973291,-14.9319806766,-13.9277931062,-12.9506816842,-19.1249194157,0.397922765845,0.44534984423,0.494981362959,0.0
-16.6753966039,-15.9701444609,-15.2361567897,-14.3378524693,-12.8886457945,-18.9467765116,0.347256780109,0.393046190702,0.543835380327,0.0
-17.0968559544,-16.4363314701,-15.7293327074,-14.7184170278,-13.4417407988,-18.8684132693,0.628704786902,0.680839665132,0.389816496968,0.0
-17.5175077282,-16.7227761098,-16.1253781689,-15.0724473111,-13.9298003867,-18.7782517981,0.312956881655,0.359210455024,0.563530079423,1.0
-17.6991493318,-16.8658670365,-16.3427665295,-15.2464143272,-14.40737722,-18.7037355997,0.249493755827,0.292248460247,0.66134315562,1.0
-17.8239333059,-17.1874895789,-16.5635224718,-15.4260742362,-14.9164191082,-18.6998128232,0.350481303111,0.396771176968,0.538874956196,0.0
-17.8352734288,-17.4194772192,-16.6809386498,-15.6432556135,-15.3901406742,-18.6900055019,0.38165763048,0.428610872011,0.587876621861,1.0
-17.5288650479,-17.4789202215,-16.7591834172,-15.903649127,-15.7030697899,-18.6762743411,0.346912355921,0.392736067568,0.563406440612,0.0
-16.9716394662,-17.4075865907,-16.8125169475,-16.1031120528,-15.9295377581,-18.6174145077,0.453986709977,0.503585748739,0.688893648175,1.0
-16.4472610607,-17.2291469255,-16.7414028316,-16.184009639,-16.1435195469,-18.5212351893,0.496190549713,0.548416341392,0.697083971125,1.0
-15.8302434916,-16.9731262367,-16.7022807426,-16.2504419165,-16.3892535925,-18.4485760938,0.623306828506,0.682837417076,0.615755238507,1.0
-15.2920502283,-16.6989189963,-16.6951669286,-16.3630475951,-16.6224728655,-18.3601679994,0.391984417775,0.438263109174,0.548841033895,1.0
-14.7299170742,-16.2451796442,-16.7022807426,-16.5419552809,-16.7573897847,-18.2245268884,0.514379709852,0.567812815355,0.587025808666,1.0
-14.6380470944,-15.9043319642,-16.6702668723,-16.6976691582,-16.9167354103,-18.1143692934,0.249642214529,0.289073661706,0.467011181911,0.0
-14.2933175435,-15.4491914589,-16.4852127745,-16.6544256263,-16.8775222139,-17.8781040243,0.529890675012,0.585601209331,0.73732467328,1.0
-13.8907261697,-14.9152878648,-16.3605768481,-16.5765672242,-16.8113345901,-17.6671943688,0.369329619886,0.413156233091,0.666330097721,1.0
-13.7756249538,-14.5728755966,-16.296453692,-16.5073383228,-16.8554618089,-17.4679095449,0.298942380209,0.33913537817,0.477566872954,0.0
-13.5568463054,-14.1639408943,-16.0897229168,-16.3745939962,-16.9093834542,-17.2862164285,0.443048272831,0.4923990211,0.558345338868,1.0
-13.0959159292,-13.8750129303,-15.8756886244,-16.2793200317,-16.9608421048,-17.0549272075,0.571548186725,0.630139878647,0.614915130595,1.0
-13.1766104678,-13.7364948111,-15.6864819431,-16.1551205923,-16.9730924257,-16.8035955332,0.30173934215,0.341339650482,0.529983514337,0.0
-13.4186144654,-13.6521571357,-15.4828508211,-16.0828836586,-16.9951413113,-16.6074838536,0.408469272018,0.455535226129,0.501412025781,0.0
-13.4301353841,-13.5979313659,-15.2862273498,-16.0510929743,-17.0686218058,-16.4488906317,0.31056966573,0.351561505271,0.468017224983,0.0
-13.3955717694,-13.4653515469,-14.9355609393,-15.9932817453,-17.1665576681,-16.6966459902,0.50573941341,0.559534559272,0.648015618682,1.0
-13.5222923041,-13.2905286893,-14.6275146197,-15.8834053005,-17.2277452156,-16.9164326323,0.364709585088,0.40887168673,0.529912109945,0.0
-13.2227157948,-13.1759549358,-14.2869077176,-15.6779890829,-17.1445259246,-17.110300833,0.745185484302,0.819753247979,0.674936142817,1.0
-12.5307165181,-12.9406958344,-13.8274908325,-15.4637308625,-16.9828921993,-17.2644818232,0.405678248425,0.451714830352,0.696426537425,1.0
-11.7686425277,-12.5483731974,-13.3891323224,-15.2232244809,-16.7647466387,-17.4027550443,0.433273751908,0.481985843777,0.562822792106,1.0
-11.4104584442,-12.3430573715,-13.0223177517,-14.9564148949,-16.5684843948,-17.4521163801,0.262623443411,0.296433572173,0.483903715514,0.0
-10.9596816059,-12.1739267899,-12.748836345,-14.7009957868,-16.4187253044,-17.4837015115,0.374769146719,0.418394371041,0.479219349886,0.0
-10.8671975216,-11.9685015882,-12.5436395044,-14.4482877882,-16.2295539066,-17.542910672,0.420351906507,0.467923350678,0.548970724607,1.0
-11.2024264998,-11.7811564247,-12.3815940498,-14.1924919133,-16.091884966,-17.6514165131,0.365831932873,0.409037505329,0.511561230794,0.0
-11.8379528925,-11.7146694387,-12.3095610429,-14.0005304027,-16.0377804765,-17.7992854082,0.303823702322,0.343636639462,0.421196710232,0.0
-12.1151367095,-11.6723570439,-12.2050998397,-13.6949466204,-15.9713641061,-17.8505210828,0.399532058172,0.445705704271,0.563025087138,1.0
-12.438387644,-11.6058623506,-12.0609907073,-13.4124511122,-15.8507878971,-17.8997736242,0.485085838821,0.537479554229,0.539472961387,0.0
-12.438387644,-11.5574997578,-11.9637016949,-13.1122936307,-15.6562757584,-17.8150516414,0.433356888781,0.482062977007,0.679104742791,1.0
-12.438387644,-11.7328027337,-11.9276657277,-12.8236257166,-15.5454164377,-17.7421223521,0.362839005445,0.40580112194,0.562964398629,0.0
-12.1035893327,-11.8899425421,-11.7871106746,-12.5435634373,-15.4049324424,-17.7007182271,0.477615396949,0.530036149685,0.502342435842,1.0
-11.8726060048,-11.9141153522,-11.678976194,-12.2575369195,-15.1879121853,-17.6849429868,0.431325973741,0.47985640064,0.553618368113,1.0
-11.7455378745,-12.0168418361,-11.6393237477,-12.0852802346,-15.0127027364,-17.7046618443,0.362726176832,0.405939489471,0.47390017207,0.0
-11.9881060135,-12.1437206921,-11.5924596784,-11.9801551185,-14.8497442257,-17.6888869125,0.403326662589,0.449736278859,0.548922046046,0.0
-11.9996551124,-12.1497620107,-11.4843035374,-11.8516502334,-14.6348107919,-17.6474718574,0.356799705458,0.399310939317,0.591021052301,1.0
-11.9650073159,-11.9564160711,-11.3292608913,-11.699756119,-14.3925394962,-17.6218297286,0.455981994929,0.506623505455,0.674636296612,1.0
-12.2306005527,-11.974544279,-11.314837262,-11.6237996713,-14.1402061392,-17.6928307611,0.325308645641,0.366134322454,0.459410006489,0.0
-12.1728709108,-11.8778558758,-11.21747336,-11.4601815122,-13.8604658662,-17.6888869125,0.454152983723,0.504519187025,0.553618368113,1.0
-12.3691323678,-12.1074717507,-11.3256550002,-11.4923228205,-13.6994658411,-17.6809989842,0.478981217005,0.530710603366,0.463625214621,0.0
-12.9921471643,-12.4396846666,-11.6285091611,-11.6237996713,-13.5904466408,-17.7164922327,0.371045802479,0.416475728141,0.371060828172,0.0
-13.625946235,-12.7536213638,-11.9096471515,-11.661778649,-13.4814004759,-17.6948026565,0.427952992037,0.476314773104,0.558402984853,1.0
-14.2013339846,-13.194047302,-12.1870877361,-11.7873904914,-13.4194307255,-17.6888869125,0.342696128791,0.387184141668,0.476318208078,0.0
-14.8676744294,-13.5135669191,-12.4392148635,-11.9100640104,-13.4045567459,-17.706633624,0.42775702655,0.476137679617,0.553618368113,1.0
-15.2805883522,-13.83286014,-12.7056428886,-12.0268791363,-13.4466984462,-17.7007182271,0.401764877047,0.448916886471,0.534323028473,0.0
-15.5211936729,-14.2842635321,-12.9791456211,-12.1582752978,-13.5235350933,-17.7401509207,0.387477211589,0.43426093532,0.485631900645,0.0
-15.8188034101,-14.7711573616,-13.1554092354,-12.2692138485,-13.5954026501,-17.7933727483,0.379062572374,0.425419722016,0.563315716974,1.0
-15.8302434916,-15.0773571512,-13.3495871776,-12.406402903,-13.6573480348,-17.8465803477,0.388641127811,0.435262456333,0.548784627998,1.0
-15.8531221946,-15.437204103,-13.5077475262,-12.5027101866,-13.6672584775,-17.8367281664,0.357660765928,0.402676372044,0.611474747495,1.0
-15.7844802571,-15.6169616416,-13.7520673028,-12.6777764872,-13.7688272839,-17.8150516414,0.358141772122,0.402982218496,0.568045527068,1.0
-15.6242485281,-15.6588885833,-13.9747063837,-12.9431939238,-13.8976108321,-17.8485507251,0.324999851541,0.368445393889,0.519868813474,0.0
-15.5097408164,-15.7546977326,-14.2187477172,-13.2172240325,-13.9694147629,-17.8702235778,0.521778891548,0.57463576649,0.621152056853,0.0
-15.0397885286,-15.5151129825,-14.3371228191,-13.3250458718,-13.9768420211,-17.761835599,0.487318657696,0.539635103605,0.742982385093,1.0
-14.6035894252,-15.2993140547,-14.3980889818,-13.4241039099,-13.9916961208,-17.6553610922,0.44699133595,0.496606134672,0.619829197054,1.0
-13.9137425334,-14.903279438,-14.3514687225,-13.4474086237,-13.9273243582,-17.4994922773,0.44665285011,0.496456227749,0.693600415848,1.0
-13.1881372014,-14.4406241026,-14.3442958416,-13.444495599,-13.8480834608,-17.3237528065,0.447436712055,0.497288587213,0.651703011284,0.0
-12.4268456038,-13.9833857178,-14.3622277779,-13.3658370053,-13.7539650751,-17.1399595267,0.446522206453,0.496314746717,0.553618368113,1.0
-12.0804940505,-13.5557511407,-14.2904947386,-13.3163044587,-13.6945110194,-16.8986199769,0.457389383421,0.50809700064,0.539627096576,1.0
-11.6184520105,-13.0854833392,-14.2259230419,-13.2172240325,-13.5830125224,-16.6391898228,0.535472722198,0.593365635853,0.609252789055,1.0
-11.4913497025,-12.6570427647,-14.0788016883,-13.2084806759,-13.5557530199,-16.4290591299,0.428000498821,0.4762327577,0.544336824748,0.0
-11.3989020686,-12.2282946077,-13.8490378964,-13.1822496793,-13.6053145013,-16.214776909,0.368165703665,0.411252619125,0.530357187915,0.0
-11.0752793978,-11.6602674402,-13.568840233,-13.1064635232,-13.6053145013,-15.9724982836,0.579095827123,0.642095538933,0.641060396042,1.0
-10.9365610491,-11.4063522114,-13.2740827506,-13.080227217,-13.5929246524,-15.7598234762,0.382423677381,0.426552873673,0.530437359388,0.0
-10.8325147614,-11.1100464197,-12.9683520393,-12.9869318183,-13.5557530199,-15.5788195506,0.445732406159,0.495621102145,0.544386872285,1.0
-10.7747087752,-11.0132794413,-12.6732457057,-12.9023686842,-13.535926878,-15.4494595294,0.405102228662,0.451227543623,0.548989004424,0.0
-10.7862701065,-10.9709419792,-12.3707895892,-12.8761222738,-13.5160998583,-15.3439383363,0.379840495971,0.423961482028,0.483800332441,0.0
-11.3295613817,-11.0858552654,-12.1654726223,-12.9461098945,-13.4962719655,-15.2881759626,0.351104829658,0.393807369872,0.431147498002,0.0
-11.9072577022,-11.3156538455,-12.046578281,-12.9985946505,-13.5483183199,-15.2722419306,0.38956751011,0.435478750608,0.425281470033,0.0
-12.65764643,-11.6542225811,-11.9673052038,-13.1093785853,-13.6028365595,-15.2363872509,0.423891161957,0.471994381652,0.486871147647,0.0
-13.3149134191,-11.9685015882,-11.8988358182,-13.1414431645,-13.7242390872,-15.2802090532,0.382934375315,0.428532486369,0.539329861673,1.0
-13.2803413675,-11.9564160711,-11.6357188989,-12.9490258494,-13.6969884374,-15.2383792901,0.503298752353,0.558107049566,0.758114682403,1.0
-12.9344890235,-12.0591371224,-11.3581076263,-12.7711242533,-13.6746911601,-15.1427465971,0.455447543602,0.506118659475,0.623229943355,1.0
-12.3922182654,-12.0772629667,-11.21747336,-12.5406454361,-13.6598256668,-15.0710024304,0.488910134979,0.542524110205,0.567547548208,0.0
-11.6877736936,-12.1014300902,-11.0551843505,-12.3042434628,-13.5904466408,-14.9932608775,0.45354727222,0.504130334076,0.544368735751,1.0
-11.5837893212,-12.3913727769,-11.1705918204,-12.2049883546,-13.6375264692,-15.0052223713,0.244024537254,0.280247856565,0.321297038067,0.0
-12.0573980697,-12.6208217324,-11.2823834701,-12.0706803748,-13.7093753123,-15.0032288205,0.404930016568,0.451752405874,0.45400192447,0.0
-12.5999542826,-12.7234422638,-11.4121933274,-11.9538716588,-13.8109340113,-14.9992416812,0.426355576406,0.474585011652,0.534615087095,0.0
-13.3379600658,-12.8260447217,-11.6104845843,-11.9071434179,-13.8976108321,-15.061036646,0.446979459254,0.496376959365,0.472114224705,0.0
-14.086322943,-12.8501837764,-11.8267567324,-11.8545710177,-14.0015985447,-15.0909330388,0.393688723671,0.440065806845,0.572727704986,1.0
-14.3278054757,-12.9225946231,-12.0573876259,-11.8341253193,-14.0585326462,-15.1965437003,0.428879374336,0.477298231353,0.472155702641,0.0
-14.5461522883,-13.284499163,-12.2663376011,-11.7961534607,-14.0436810695,-15.3519035298,0.429532592623,0.477985712659,0.544039399909,1.0
-14.6725012723,-13.634082628,-12.5364383578,-11.7406532072,-14.0362550694,-15.5012105795,0.414870811238,0.462470763609,0.567950370768,1.0
-14.5921027642,-13.9773657761,-12.7524356545,-11.7932324805,-13.9817934494,-15.6106529587,0.428285539529,0.476659941442,0.56317303655,0.0
-14.4082645968,-14.272233017,-12.9431661682,-11.8049163432,-13.902563238,-15.6862427585,0.442335671063,0.491609619657,0.591529292096,1.0
-13.8907261697,-14.1278366107,-13.0295127627,-11.8282836023,-13.7589192031,-15.7180638689,0.46151653533,0.512426356551,0.712896117022,1.0
-13.4646964116,-14.0195034456,-13.1014573942,-11.8662540553,-13.6003586037,-15.7419272825,0.454277689032,0.504534556946,0.544216345403,0.0
-13.0497990322,-13.8689913686,-13.0726807436,-11.8983815791,-13.439261955,-15.7101089363,0.435334358688,0.484179370211,0.581768220861,1.0
-12.6230318027,-13.6039567833,-12.9755477848,-11.9305078699,-13.2905072548,-15.6981761058,0.416153494421,0.463512084528,0.567686285062,1.0
-12.7730138828,-13.5858802835,-12.9791456211,-12.0969599211,-13.2384321429,-15.7439158064,0.308241833287,0.349486651964,0.429596448481,0.0
-13.1650834678,-13.5195934793,-12.9827434331,-12.2516983822,-13.1937919177,-15.8433234481,0.311614814991,0.352930540442,0.510731155715,1.0
-13.8907261697,-13.6762553061,-13.2920610739,-12.4968737921,-13.2260324864,-15.9923657299,0.590034264268,0.645118202979,0.393447156998,0.0
-14.6610169358,-13.8629697181,-13.6119594398,-12.8061257695,-13.2557911338,-16.1512505726,0.444752578728,0.493866133131,0.519642656665,0.0
-15.4410140513,-14.0495990198,-13.9280340837,-13.0714814838,-13.3772865495,-16.314004691,0.482395767145,0.533056277041,0.548764695049,0.0
-15.7959217919,-14.3143380998,-14.2617975949,-13.3541827546,-13.4962719655,-16.4429413512,0.490911358278,0.542016600063,0.568156905032,1.0
-16.1389387801,-14.699068404,-14.4052607936,-13.6105080724,-13.6746911601,-16.5599169339,0.3366687055,0.381033448511,0.587489324028,1.0
-16.081800578,-15.0473506284,-14.5486665804,-13.8375806307,-13.8505599718,-16.6966459902,0.592261144795,0.6478665125,0.524571193581,0.0
-15.9674862666,-15.3892497194,-14.6633486278,-13.9801652986,-14.0189271887,-16.8412141142,0.330344364805,0.374210548365,0.592248627577,1.0
-15.8302434916,-15.7247609617,-14.7063444235,-14.0645281586,-14.1847479739,-16.9342438807,0.431284405304,0.479839625342,0.568089872843,1.0
-15.7272653632,-15.8564580754,-14.7744097969,-14.131423641,-14.3801742582,-17.0549272075,0.399478613039,0.446521944917,0.553618368113,0.0
-15.7272653632,-16.0359404684,-14.8424611413,-14.2215685739,-14.5853813777,-17.1379824057,0.40609393279,0.453535262547,0.524586120186,0.0
-15.7272653632,-16.0060352478,-14.9176592248,-14.4570049137,-14.7805854519,-17.167637337,0.472490602564,0.522852599741,0.51488880207,0.0
-15.8874365852,-16.0299596992,-15.0429500166,-14.7271273079,-15.0521952102,-17.2308876438,0.543263834866,0.596186977197,0.519572458914,0.0
-15.7615957406,-15.8923642981,-15.0715809002,-14.9157934868,-15.2199819325,-17.2032179111,0.285094152509,0.325832789522,0.673538461648,1.0
-15.5555494733,-15.7307485779,-15.1324127429,-15.1072486252,-15.392606021,-17.1735678382,0.373617107193,0.418866781803,0.620534997768,1.0
-15.4524696534,-15.6768553362,-15.3291382707,-15.1971337701,-15.5873017722,-17.167637337,0.387726622208,0.434139983633,0.515086907267,0.0
-15.5440980023,-15.7247609617,-15.5650354866,-15.3362579728,-15.7990957082,-17.1715910224,0.49641620694,0.547549245842,0.417505037787,0.0
-15.4868337245,-15.7786447843,-15.8007357321,-15.4550413081,-15.941840314,-17.1735678382,0.378195573555,0.424545057824,0.558469540573,1.0
-15.4753794909,-15.7067973291,-15.9577557382,-15.4550413081,-15.9836647073,-17.1419366298,0.440779823869,0.489842700155,0.66868304116,1.0
-15.5670004806,-15.6469101014,-16.0005632285,-15.4811091834,-16.015643565,-17.1241420574,0.411770993545,0.459289878286,0.558417616709,0.0
-15.1774117335,-15.3892497194,-15.9541881323,-15.4115896131,-15.9861247583,-17.062838578,0.516743172384,0.571042563834,0.686173179999,1.0
-14.5346637163,-15.1013602797,-15.7650365608,-15.3333602157,-16.0672934209,-16.9837121593,0.44496042091,0.49445004354,0.62921195161,1.0
-13.6950352279,-14.6329732461,-15.5007190699,-15.2087299198,-16.1041798575,-16.8610108778,0.468007149771,0.519504735825,0.65647574963,1.0
-12.57687589,-14.04358009,-15.0680021838,-14.947710743,-16.0230227448,-16.7184360131,0.68570699003,0.761194399852,0.818603954319,1.0
-11.2139847407,-13.3809624454,-14.5773406852,-14.6777660585,-15.9147739356,-16.5420768865,0.371847479468,0.413442789862,0.68490089051,1.0
-10.2081428542,-12.6510060777,-14.1111014763,-14.4860604463,-15.6932190736,-16.4270758907,0.539694887676,0.600567305923,0.594439722496,0.0
-9.1096810008,-11.738847086,-13.5975868397,-14.2390134867,-15.4394436396,-16.284240498,0.365505323729,0.406077872937,0.594205117011,1.0
-7.37696819729,-10.3902239423,-12.8280159168,-13.7822793224,-14.9904860355,-15.9943523916,0.809408718683,0.918871163649,0.91477291376,1.0
-6.23588692309,-9.2044672003,-12.0790058611,-13.3396145369,-14.5062795726,-15.7140864314,0.373539908668,0.412820472177,0.649523352546,0.0
-5.63770985169,-8.17653624239,-11.430221322,-12.8790386035,-14.1080337999,-15.5131518014,0.357791409586,0.395681126738,0.425537858458,0.0
-5.6721945243,-7.66902202086,-10.9722297184,-12.5960851097,-13.8406538385,-15.4255712918,0.0,0.0,0.244744006987,0.0
-5.81016555276,-7.16792041695,-10.4996795036,-12.1991493868,-13.5681439105,-15.3220329435,0.445678961027,0.495826115159,0.490118483517,1.0
-6.84644379753,-6.80595269801,-10.0018039443,-11.8078372846,-13.3128234411,-15.2662664491,0.341009637939,0.379313897557,0.526377888621,0.0
-7.80403667854,-6.70947131072,-9.59051183614,-11.4075846072,-13.0499241523,-15.1746275099,0.436622980219,0.48573949528,0.580819501703,1.0
-8.50865029746,-6.7637397488,-9.22615643221,-11.0334969218,-12.8414938218,-15.1128552244,0.325552117912,0.362281023,0.499058489343,0.0
-8.62421103413,-6.84213808645,-8.83662086938,-10.691477022,-12.7099437901,-15.0550570221,0.413178382038,0.459749471752,0.498846914438,0.0
-8.68199579591,-6.94467742369,-8.35346659485,-10.3230917626,-12.5411195167,-14.9593675184,0.376319055565,0.418703193961,0.549071711549,1.0
-8.65888155233,-7.47577819901,-7.86695124068,-9.95467895034,-12.3697658944,-14.8058056029,0.423160745144,0.470739038644,0.549082662071,1.0
-8.65888155233,-7.97711583997,-7.45996105855,-9.58919378629,-12.1983684386,-14.6142512987,0.389793167337,0.433542242525,0.540017801318,1.0
-8.87848395998,-8.46063680904,-7.13599704457,-9.29682900747,-12.0045659856,-14.460530955,0.368741723427,0.410927170685,0.411366955797,0.0
-8.91316130372,-8.53923223075,-6.88055802101,-8.96358012286,-11.795802776,-14.2947576454,0.368159765316,0.410012075602,0.526192759149,1.0
-8.50865029746,-8.35786725119,-6.47428316575,-8.49306781312,-11.3831075408,-14.134905347,0.667286234315,0.746501523286,0.750346541309,1.0
-8.16204710751,-8.16444880809,-6.14377999976,-7.9964825285,-10.9702641211,-13.9809843014,0.582528192307,0.650709794939,0.593858221721,0.0
-7.55007052051,-7.84419672004,-5.8960760206,-7.50896265601,-10.4976075035,-13.7769973822,0.600509510264,0.673201722576,0.642032694351,1.0
-7.10010882183,-7.72338192118,-5.85660144964,-7.15595836761,-10.1293810791,-13.6669628497,0.274850502087,0.304244360216,0.414020138522,0.0
-6.78881013413,-7.57843187552,-5.81713096432,-6.7711184003,-9.77856005593,-13.4648269636,0.417994382323,0.464900396633,0.494964973443,0.0
-7.25005777784,-7.60862722309,-5.8960760206,-6.39531587964,-9.47751351007,-13.3026531108,0.442953259262,0.492730894122,0.448792186061,0.0
-7.68858583847,-7.65694262849,-6.24074891837,-6.02565349461,-9.18395944739,-13.1304085587,0.416806712709,0.46372553618,0.512639097466,1.0
-8.21980536793,-7.61466645795,-6.51381658738,-5.67668100705,-8.85563004674,-12.8899700754,0.418784182616,0.465806297808,0.612356196653,1.0
-8.1273939952,-7.33088404455,-6.63243734429,-5.27867952024,-8.49008273091,-12.6333864122,0.555633413897,0.61984960333,0.656796496803,1.0
-7.96569860191,-7.08343924841,-6.53178746441,-4.95365623695,-8.10477967817,-12.3606467571,0.363919784794,0.403826021747,0.544654897628,1.0
-7.04244697509,-6.84213808645,-6.28026121339,-4.5102020509,-7.60539745649,-11.9994997992,0.586791926222,0.658850492937,0.777393956632,1.0
-6.281937574,-6.67329574357,-6.06478520861,-4.16287206754,-7.11383578793,-11.6723186818,0.430625248668,0.479011096407,0.56244322823,0.0
-5.61472189354,-6.60095288287,-5.83148339292,-3.92867613743,-6.66982024471,-11.3289589024,0.382215835199,0.4233585082,0.549222417719,1.0
-5.13232557065,-6.29964787252,-5.58039601355,-3.75244607847,-6.24603492487,-11.0196492464,0.450002078422,0.501269014366,0.566812378965,0.0
-4.70794977173,-5.99253542996,-5.31156982377,-3.57345393512,-5.79298307576,-10.7625132296,0.391194617481,0.433767274996,0.527193319252,0.0
-5.15528110491,-5.74581348936,-5.18260876191,-3.51862767107,-5.37260316447,-10.5535663905,0.395173310688,0.43894552666,0.432956101812,0.0
-5.35046779048,-5.45116640263,-5.03579840718,-3.65427302283,-4.93793245171,-10.3325485181,0.387263431059,0.429761420392,0.589201271257,1.0
-5.56875038822,-5.21682933468,-4.87116526823,-3.76111026288,-4.54576710734,-10.1014735743,0.403397922766,0.447999302499,0.602406584405,1.0
-5.81016555276,-5.09071629246,-4.62795704717,-3.79576998797,-4.15659609329,-9.80810496191,0.433624114444,0.482433499501,0.549176799366,0.0
-5.98270016455,-4.95865102313,-4.40281178871,-3.65138616858,-3.82697966663,-9.51273749576,0.409639126588,0.455109916224,0.571359537674,1.0
