heyue,riqi,qianshoupan,kaipanjia,zuigaojia,zuidijia,shoupanjia,chengjiaoliang,chengjiaoe,chengjiaobishu,zhangdie_shoupanjia,zhangdiefu_shoupanjia,zhengfu_shoupanjia,junjia,chicangliang,qianjiesuanjia,jiesuanjia,zhangdie_jiesuanjia,zhangdiefu_jiesuanjia,zuijinjiaoyiriqi,shichangzuijinjiaoyiri,MA_5,MA_10,MA_20,MA_30,MA_40,MA_60,chicangliangbianhua,zijinbiandong,jiagebiandonggongxiandu,fenlei
CY.CZC,2017/8/18,0.0,0.173410404624,0.235632183908,0.383419689119,0.226744186047,78284,9048583000,0,50,1.0,0.0,23117.3241,7634,0.151832460733,0.333333333333,115,1.0,2017/8/18,2017/8/18,0.0,0.0,0.0,0.0,0.0,0.0,0.400667779633,0.397365815865,1.0,1
CY.CZC,2017/8/21,0.971958675943,0.184971098266,0.0919540229885,0.39378238342,0.151162790698,25088,2886650800,0,-130,0.450980392228,0.737527115,23012.20344,8476,0.272251308901,0.198717948718,-105,0.0,2017/8/21,2017/8/21,0.0,0.0,0.0,0.0,0.0,0.0,0.752086811352,0.744454188726,0.5,0
CY.CZC,2017/8/22,0.969217794645,0.184971098266,0.100574712644,0.471502590674,0.261627906977,13782,1588062800,0,70,0.901960784455,0.478572982,23045.4622,7516,0.162303664921,0.24358974359,35,1.0,2017/8/22,2017/8/22,0.0,0.0,0.0,0.0,0.0,0.0,0.0,0.0,1.0,1
CY.CZC,2017/8/23,0.973223698081,0.271676300578,0.135057471264,0.533678756477,0.25,9078,1048137000,0,25,0.901960784455,0.47660312,23091.80436,6958,0.198952879581,0.301282051282,45,1.0,2017/8/23,2017/8/23,0.0,0.0,0.0,0.0,0.0,0.0,0.167779632721,0.166497008565,1.0,0
CY.CZC,2017/8/24,0.972802024035,0.260115606936,0.114942528736,0.497409326425,0.226744186047,4510,520075600,0,-40,0.450980392228,0.47680971,23063.21951,6420,0.246073298429,0.269230769231,-25,0.0,2017/8/24,2017/8/24,-12.4823761768,0.0,0.0,0.0,0.0,0.0,0.17612687813,0.17496484885,0.5,0
CY.CZC,2017/8/25,0.971958675943,0.225433526012,0.100574712644,0.518134715026,0.226744186047,3012,347255000,0,-15,0.450980392228,0.281995662,23058.10093,5830,0.219895287958,0.262820512821,-5,0.0,2017/8/25,2017/8/25,-12.4823761768,0.0,0.0,0.0,0.0,0.0,0.154424040067,0.153468844603,0.5,0
CY.CZC,2017/8/28,0.971958675943,0.242774566474,0.103448275862,0.487046632124,0.255813953488,3914,451322100,0,15,0.901960784455,0.433839479,23061.93664,5684,0.214659685864,0.262820512821,0,1.0,2017/8/28,2017/8/28,-11.1289312119,0.0,0.0,0.0,0.0,0.0,0.339732888147,0.336946190046,1.0,1
CY.CZC,2017/8/29,0.973012861058,0.294797687861,0.123563218391,0.523316062176,0.226744186047,2572,296838600,0,-10,0.450980392228,0.433369447,23082.31726,5352,0.214659685864,0.288461538462,20,1.0,2017/8/29,2017/8/29,-11.5803011852,0.0,0.0,0.0,0.0,0.0,0.262103505843,0.260122096443,0.5,0
CY.CZC,2017/8/30,0.971958675943,0.208092485549,0.0948275862069,0.492227979275,0.191860465116,1842,212207900,0,-60,0.450980392228,0.347071584,23041.03149,5314,0.235602094241,0.237179487179,-40,0.0,2017/8/30,2017/8/30,-12.3321061579,0.0,0.0,0.0,0.0,0.0,0.384808013356,0.381677642434,0.5,0
CY.CZC,2017/8/31,0.970693653806,0.21387283237,0.0919540229885,0.507772020725,0.197674418605,1784,205593300,0,-15,0.450980392228,0.260642919,23048.57623,4908,0.193717277487,0.25,10,1.0,2017/8/31,2017/8/31,-12.707714346,-14.6608527808,0.0,0.0,0.0,0.0,0.23121869783,0.229713661602,0.5,1
CY.CZC,2017/9/1,0.970904490829,0.202312138728,0.100574712644,0.507772020725,0.203488372093,2186,252015800,0,-20,0.450980392228,0.325732899,23057.25526,4792,0.204188481675,0.25641025641,5,1.0,2017/9/1,2017/9/1,-13.0080292534,-14.835064214,0.0,0.0,0.0,0.0,0.35225375626,0.349454798491,0.5,1
CY.CZC,2017/9/4,0.971115327852,0.242774566474,0.419540229885,0.528497409326,0.633720930233,14420,1685393100,0,345,0.901960784455,2.648719062,23375.77115,6228,0.20942408377,0.666666666667,320,1.0,2017/9/4,2017/9/4,-8.11889439029,-11.2060738061,0.0,0.0,0.0,0.0,1.0,1.0,1.0,1
CY.CZC,2017/9/5,0.986717267552,0.670520231214,0.376436781609,0.79792746114,0.744186046512,5994,701107500,0,120,0.901960784455,1.175213675,23393.64364,5966,0.544502617801,0.692307692308,20,1.0,2017/9/5,2017/9/5,-1.48468834768,-7.5670629147,0.0,0.0,0.0,0.0,0.291318864775,0.286968069843,1.0,1
CY.CZC,2017/9/6,0.990723170989,0.797687861272,0.382183908046,0.829015544041,0.56976744186,6078,712126100,0,-50,0.450980392228,1.085337306,23432.90885,5762,0.565445026178,0.74358974359,40,1.0,2017/9/6,2017/9/6,3.22188715641,-5.16493578595,0.0,0.0,0.0,0.0,0.315525876461,0.311956053889,0.5,0
CY.CZC,2017/9/7,0.984398060299,0.601156069364,0.281609195402,0.709844559585,0.511627906977,4074,474907500,0,-140,0.450980392228,0.835296637,23314.0648,5270,0.607329842932,0.589743589744,-120,0.0,2017/9/7,2017/9/7,6.98947803245,-3.03940304319,0.0,0.0,0.0,0.0,0.195325542571,0.191818749193,0.5,0
CY.CZC,2017/9/8,0.98228969007,0.554913294798,0.241379310345,0.507772020725,0.261627906977,5524,639309100,0,-235,0.450980392228,1.37368534,23146.60029,4380,0.48167539267,0.371794871795,-170,0.0,2017/9/8,2017/9/8,7.66999806487,-2.78038745788,0.0,0.0,0.0,0.0,0.0292153589316,0.0289745907402,0.5,0
CY.CZC,2017/9/11,0.973223698081,0.300578034682,0.663793103448,0.0,0.412790697674,15894,1847527100,0,65,0.901960784455,6.694107452,23248.10746,4024,0.303664921466,0.50641025641,105,1.0,2017/9/11,2017/9/11,5.05450675165,-1.618819416,0.0,0.0,0.0,0.0,0.252086811352,0.249179328254,1.0,1
CY.CZC,2017/9/12,0.978705460679,0.369942196532,0.212643678161,0.621761658031,0.43023255814,2178,252994800,0,-25,0.450980392228,0.689358035,23231.84573,3876,0.413612565445,0.480769230769,-20,0.0,2017/9/12,2017/9/12,1.21417903601,-0.124053227848,0.0,0.0,0.0,0.0,0.338898163606,0.335720383363,0.5,1
CY.CZC,2017/9/13,0.979337971748,0.398843930636,0.209770114943,0.538860103627,0.348837209302,3018,349719500,0,-75,0.450980392228,1.011840689,23175.57985,3580,0.392670157068,0.410256410256,-55,0.0,2017/9/13,2017/9/13,-1.55825409078,1.01937615546,0.0,0.0,0.0,0.0,0.277128547579,0.274446548731,0.5,0
CY.CZC,2017/9/14,0.976386253426,0.323699421965,0.166666666667,0.569948186528,0.267441860465,1432,165633300,0,-90,0.450980392228,0.561433816,23133.14246,3482,0.335078534031,0.358974358974,-40,0.0,2017/9/14,2017/9/14,-4.67162071272,1.52458575862,-5.08826391964,0.0,0.0,0.0,0.359766277129,0.356792601042,0.5,0
CY.CZC,2017/9/15,0.973434535104,0.265895953757,0.114942528736,0.507772020725,0.226744186047,1498,172797200,0,-85,0.450980392228,0.43318172,23070.38718,3390,0.293193717277,0.275641025641,-65,0.0,2017/9/15,2017/9/15,-5.1195491383,1.69255972002,-5.08826391964,0.0,0.0,0.0,0.362270450751,0.359334423736,0.5,0
CY.CZC,2017/9/18,0.971958675943,0.21387283237,0.100574712644,0.362694300518,0.261627906977,1904,219393000,0,10,0.901960784455,0.932754881,23045.48319,3038,0.225130890052,0.24358974359,-25,0.0,2017/9/18,2017/9/18,-7.06703410562,-1.01932757118,-4.57851862244,0.0,0.0,0.0,0.253756260434,0.251665016715,1.0,1
CY.CZC,2017/9/19,0.973223698081,0.364161849711,0.16091954023,0.523316062176,0.279069767442,1962,226619500,0,50,0.901960784455,0.714904679,23100.86646,2674,0.198952879581,0.314102564103,55,1.0,2017/9/19,2017/9/19,-9.02156044308,-4.46905381809,-4.49811217102,0.0,0.0,0.0,0.248747913189,0.246600022956,1.0,1
CY.CZC,2017/9/20,0.97385620915,0.277456647399,0.270114942529,0.559585492228,0.616279069767,3342,388684500,0,285,0.901960784455,1.385581295,23260.59246,2334,0.256544502618,0.519230769231,160,1.0,2017/9/20,2017/9/20,-5.56809989048,-4.12173738214,-2.81530461405,0.0,0.0,0.0,0.258764607679,0.254772306633,1.0,1
CY.CZC,2017/9/21,0.986084756483,0.630057803468,0.270114942529,0.704663212435,0.412790697674,1426,166069000,0,-50,0.450980392228,0.769724182,23291.58485,2034,0.424083769634,0.557692307692,30,1.0,2017/9/21,2017/9/21,-3.7035126961,-4.86029170576,-1.96532595297,0.0,0.0,0.0,0.275459098497,0.272489562261,0.5,0
CY.CZC,2017/9/22,0.978705460679,0.450867052023,0.206896551724,0.616580310881,0.348837209302,1880,218055400,0,-135,0.450980392228,0.667815597,23197.38298,1952,0.455497382199,0.435897435897,-95,0.0,2017/9/22,2017/9/22,-2.14782457549,-4.20852519037,-1.40953196059,0.0,0.0,0.0,0.366444073456,0.363313856727,0.5,0
CY.CZC,2017/9/25,0.976386253426,0.346820809249,0.186781609195,0.626943005181,0.441860465116,974,112994300,0,40,0.901960784455,0.475059382,23202.11499,1880,0.356020942408,0.442307692308,5,1.0,2017/9/25,2017/9/25,0.125766918583,-3.9916087078,-0.565941826159,0.0,0.0,0.0,0.37061769616,0.367363233332,1.0,1
CY.CZC,2017/9/26,0.979759645794,0.473988439306,0.258620689655,0.699481865285,0.540697674419,1508,175639000,0,120,0.901960784455,0.710135571,23294.29708,1952,0.361256544503,0.564102564103,95,1.0,2017/9/26,2017/9/26,3.36399479826,-3.16902395747,0.847539171899,0.0,0.0,0.0,0.430717863105,0.427478156071,1.0,1
CY.CZC,2017/9/27,0.983343875184,0.526011560694,0.224137931034,0.575129533679,0.290697674419,1778,205937400,0,-190,0.450980392228,0.96483705,23165.06187,1910,0.460732984293,0.397435897436,-130,0.0,2017/9/27,2017/9/27,-0.677490002478,-3.60161746581,1.28967135783,0.0,0.0,0.0,0.383138564274,0.379962230448,0.5,0
CY.CZC,2017/9/28,0.974277883196,0.271676300578,0.129310344828,0.341968911917,0.0523255813953,1928,221866200,0,-265,0.450980392228,1.233499243,23015.16598,2080,0.324607329843,0.205128205128,-150,0.0,2017/9/28,2017/9/28,-5.26899970345,-5.20848004927,0.638987206425,-1.58057281478,0.0,0.0,0.471619365609,0.46718389073,0.5,0
CY.CZC,2017/9/29,0.965633565254,0.0,0.051724137931,0.326424870466,0.0755813953488,1072,123035600,0,-95,0.450980392228,0.720524017,22954.40299,1848,0.167539267016,0.128205128205,-60,0.0,2017/9/29,2017/9/29,-8.79582885357,-6.34250213546,0.0639105149003,-2.17470345696,0.0,0.0,0.303839732888,0.302001463436,0.5,1
CY.CZC,2017/10/9,0.966476913346,0.242774566474,0.0775862068966,0.341968911917,0.122093023256,582,66693100,0,5,0.901960784455,0.85078534,22918.59107,1820,0.104712041885,0.0833333333333,-35,0.0,2017/10/9,2017/10/9,-12.9329658944,-7.39195770177,-2.25710452318,-2.28916826246,0.0,0.0,0.38898163606,0.385836238683,1.0,1
CY.CZC,2017/10/10,0.96816360953,0.156069364162,0.0431034482759,0.40414507772,0.093023255814,658,75505400,0,15,0.901960784455,0.326655052,22949.9696,1796,0.0680628272251,0.121794871795,30,1.0,2017/10/10,2017/10/10,-18.6623533398,-8.79392619388,-5.24940864347,-2.95431879927,0.0,0.0,0.390651085142,0.387494081694,1.0,0
CY.CZC,2017/10/11,0.967109424415,0.173410404624,0.0459770114943,0.383419689119,0.0639534883721,604,69289300,0,-40,0.450980392228,0.436014825,22943.47682,1732,0.0994764397906,0.115384615385,-5,0.0,2017/10/11,2017/10/11,-21.5029789928,-12.9580982312,-7.59346794147,-3.69059884802,0.0,0.0,0.373956594324,0.371069886225,0.5,0
CY.CZC,2017/10/12,0.9660552393,0.0635838150289,0.0258620689655,0.341968911917,0.0813953488372,1104,126495800,0,-20,0.450980392228,0.458315146,22915.9058,1736,0.0942408376963,0.0769230769231,-30,0.0,2017/10/12,2017/10/12,-21.1418813224,-15.4440496098,-9.59416541251,-4.26735569194,0.0,0.0,0.402337228715,0.399010387523,0.5,1
CY.CZC,2017/10/13,0.966687750369,0.109826589595,0.051724137931,0.39378238342,0.0988372093023,826,94787100,0,25,0.901960784455,0.436205016,22950.87167,1650,0.0628272251309,0.121794871795,35,1.0,2017/10/13,2017/10/13,-20.852306669,-17.3058825533,-10.351724819,-4.77591282004,0.0,0.0,0.364774624374,0.36198439002,1.0,1
CY.CZC,2017/10/16,0.967320261438,0.179190751445,0.109195402299,0.40932642487,0.238372093023,980,112913300,0,110,0.901960784455,0.806451613,23043.53061,1596,0.0994764397906,0.24358974359,95,1.0,2017/10/16,2017/10/16,-19.3957011432,-18.8095965773,-11.1632476681,-4.84533001551,0.0,0.0,0.378130217028,0.375033357724,1.0,1
CY.CZC,2017/10/17,0.972380349989,0.184971098266,0.0862068965517,0.476683937824,0.168604651163,404,46509400,0,-45,0.450980392228,0.346921075,23024.45545,1540,0.198952879581,0.217948717949,-20,0.0,2017/10/17,2017/10/17,-18.4417459092,-21.5245857586,-12.3795246434,-5.07683349583,0.0,0.0,0.377295492487,0.374266488759,0.5,0
CY.CZC,2017/10/18,0.969850305714,0.167630057803,0.0919540229885,0.476683937824,0.186046511628,332,38253300,0,-10,0.450980392228,0.391304348,23044.15663,1518,0.178010471204,0.24358974359,20,1.0,2017/10/18,2017/10/18,-16.890415227,-22.2787200953,-13.1352738635,-5.09999319087,0.0,0.0,0.391485809683,0.388285161911,0.5,1
CY.CZC,2017/10/19,0.970482816783,0.219653179191,0.066091954023,0.321243523316,0.104651162791,532,61060100,0,-100,0.450980392228,0.847273517,22954.92481,1564,0.198952879581,0.128205128205,-90,0.0,2017/10/19,2017/10/19,-16.5936373296,-21.9022180507,-13.8898949338,-5.47076988214,-2.46636982917,0.0,0.419866444073,0.416294889453,0.5,0
CY.CZC,2017/10/20,0.967531098461,0.0693641618497,0.00574712643678,0.284974093264,0.0116279069767,854,97586000,0,-90,0.450980392228,0.544780998,22853.86417,1590,0.104712041885,0.0,-100,0.0,2017/10/20,2017/10/20,-17.7045018689,-22.3622303625,-14.8848841747,-6.23670849057,-3.59570478002,0.0,0.411519198664,0.408027554197,0.5,0
CY.CZC,2017/10/23,0.964157706093,0.0,0.0,0.253886010363,0.0174418604651,654,74736400,0,15,0.901960784455,0.634157009,22855.1682,1596,0.0,0.0,0,1.0,2017/10/23,2017/10/23,-20.4894926557,-23.1111770905,-16.0105897029,-8.70503611434,-4.3004261408,0.0,0.403171953255,0.399826755047,1.0,1
CY.CZC,2017/10/24,0.964368543116,0.0578034682081,0.0316091954023,0.378238341969,0.046511627907,504,57777900,0,40,0.901960784455,0.349803236,22927.7381,1566,0.0,0.0961538461538,75,1.0,2017/10/24,2017/10/24,-22.0068377726,-23.4424700963,-17.0782047794,-11.5048653519,-5.43780719499,0.0,0.388146911519,0.385047669264,1.0,1
CY.CZC,2017/10/25,0.965422728231,0.0867052023121,0.0172413793103,0.383419689119,0.110465116279,254,29119700,0,20,0.901960784455,0.218388294,22928.89764,1508,0.0785340314136,0.0961538461538,0,1.0,2017/10/25,2017/10/25,-22.9371299868,-23.1111770905,-19.3814576187,-13.3448994558,-6.1776331088,0.0,0.376460767947,0.373493522145,1.0,1
CY.CZC,2017/10/26,0.967741935484,0.0982658959538,0.0402298850575,0.383419689119,0.0872093023256,200,22937600,0,0,0.901960784455,0.392156863,22937.6,1474,0.0785340314136,0.108974358974,10,1.0,2017/10/26,2017/10/26,-23.1507652629,-23.0696962977,-20.8475391719,-15.0389396825,-6.91878405557,0.0,0.386477462437,0.383383907947,1.0,0
CY.CZC,2017/10/27,0.966898587392,0.109826589595,0.0114942528736,0.321243523316,0.0,228,26061400,0,-85,0.450980392228,0.4361099,22860.87719,1490,0.0890052356021,0.00641025641026,-80,0.0,2017/10/27,2017/10/27,-23.2929637429,-23.77276336,-22.4013674122,-16.0788522428,-8.12532077667,0.0,0.40734557596,0.403924016126,0.5,0
CY.CZC,2017/10/30,0.963736032047,0.0462427745665,0.0344827586207,0.305699481865,0.0348837209302,262,30009200,0,25,0.901960784455,0.67818858,22907.78626,1420,0.00523560209424,0.0705128205128,50,1.0,2017/10/30,2017/10/30,-23.0795982867,-25.2054852843,-24.1889168857,-17.5733880749,-9.30258398721,0.0,0.371452420701,0.368636027777,1.0,1
CY.CZC,2017/10/31,0.965001054185,0.0809248554913,0.0172413793103,0.341968911917,0.110465116279,274,31354400,0,40,0.901960784455,0.393270701,22886.42336,1400,0.0575916230366,0.0384615384615,-25,0.0,2017/10/31,2017/10/31,-22.2938507556,-25.6109839347,-26.045292501,-18.8296325327,-9.92250543327,0.0,0.392320534224,0.389133990445,1.0,1
CY.CZC,2017/11/1,0.967741935484,0.173410404624,0.0718390804598,0.362694300518,0.139534883721,426,48953600,0,90,0.901960784455,0.718954248,22982.9108,1348,0.0314136125654,0.166666666667,100,1.0,2017/11/1,2017/11/1,-21.9349803746,-25.9340976345,-26.6886745208,-19.6471119582,-10.2014851436,0.0,0.378964941569,0.375939755233,1.0,1
CY.CZC,2017/11/2,0.968796120599,0.0635838150289,0.0632183908046,0.373056994819,0.186046511628,302,34704900,0,30,0.901960784455,0.609357998,22983.37748,1308,0.13612565445,0.166666666667,0,1.0,2017/11/2,2017/11/2,-20.707292391,-25.3678966442,-26.1197724401,-19.9639068263,-10.2634797771,0.0,0.383973288815,0.380855535947,1.0,1
CY.CZC,2017/11/3,0.970482816783,0.225433526012,0.0919540229885,0.455958549223,0.238372093023,450,51832100,0,75,0.901960784455,0.477949164,23036.48889,1194,0.13612565445,0.230769230769,50,1.0,2017/11/3,2017/11/3,-17.7045018689,-23.77276336,-25.422211805,-19.9186900048,-10.0774945667,0.0,0.353088480801,0.350219515345,1.0,1
CY.CZC,2017/11/6,0.972380349989,0.260115606936,0.103448275862,0.512953367876,0.279069767442,322,37128400,0,60,0.901960784455,0.325238508,23061.11801,1184,0.188481675393,0.262820512821,25,1.0,2017/11/6,2017/11/6,-14.5814826792,-21.9022180507,-24.7445657724,-19.8508398666,-11.9675648966,0.0,0.396494156928,0.393223898478,1.0,1
CY.CZC,2017/11/7,0.97385620915,0.248554913295,0.137931034483,0.533678756477,0.308139534884,430,49635300,0,60,0.901960784455,0.497943278,23086.18605,1104,0.214659685864,0.294871794872,25,1.0,2017/11/7,2017/11/7,-12.0314687402,-20.0034326412,-23.8083262548,-19.7376903707,-14.2849295457,0.0,0.367278797997,0.364194608244,1.0,1
CY.CZC,2017/11/8,0.974910394265,0.369942196532,0.140804597701,0.528497409326,0.238372093023,262,30233300,0,-25,0.450980392228,0.540657439,23078.85496,1066,0.240837696335,0.288461538462,-5,0.0,2017/11/8,2017/11/8,-10.7526766249,-19.0661465215,-23.0430682691,-21.2019383063,-16.036853604,0.0,0.384808013356,0.381650382358,0.5,0
CY.CZC,2017/11/9,0.972380349989,0.265895953757,0.0919540229885,0.492227979275,0.232558139535,136,15668400,0,-25,0.450980392228,0.325238508,23041.76471,1050,0.235602094241,0.237179487179,-40,0.0,2017/11/9,2017/11/9,-10.1505438995,-17.9947513653,-22.3756265586,-21.8948408301,-17.5031844376,0.0,0.393989983306,0.390750225972,0.5,0
CY.CZC,2017/11/10,0.972169512966,0.271676300578,0.100574712644,0.523316062176,0.232558139535,86,9916200,0,15,0.901960784455,0.260247235,23060.93023,1028,0.193717277487,0.262820512821,20,1.0,2017/11/10,2017/11/10,-10.2258151793,-16.2684526314,-21.7820889475,-22.3398746098,-17.6553679882,0.0,0.391485809683,0.388269379762,1.0,0
CY.CZC,2017/11/13,0.972169512966,0.196531791908,0.201149425287,0.388601036269,0.331395348837,290,33532200,0,80,0.901960784455,1.583170679,23125.65517,1018,0.214659685864,0.346153846154,65,1.0,2017/11/13,2017/11/13,-9.54837687639,-14.0504278976,-21.3675446696,-22.7611440246,-18.0808677926,0.0,0.396494156928,0.393215828061,1.0,1
CY.CZC,2017/11/14,0.975753742357,0.364161849711,0.137931034483,0.564766839378,0.28488372093,192,22192700,0,-25,0.450980392228,0.3673293,23117.39583,946,0.282722513089,0.333333333333,-10,0.0,2017/11/14,2017/11/14,-9.84945610053,-12.7393383343,-20.8475391719,-23.7307963749,-18.8383120873,0.0,0.37061769616,0.367537554341,0.5,0
CY.CZC,2017/11/15,0.974067046173,0.236994219653,0.0919540229885,0.455958549223,0.168604651163,194,22334600,0,-115,0.450980392228,0.476190476,23025.36082,878,0.272251308901,0.217948717949,-90,0.0,2017/11/15,2017/11/15,-10.7526766249,-12.5204957778,-20.9256661996,-24.1905428203,-19.77295838,0.0,0.372287145242,0.36931663295,0.5,0
CY.CZC,2017/11/16,0.969850305714,0.225433526012,0.0804597701149,0.450777202073,0.21511627907,160,18421200,0,15,0.901960784455,0.413043478,23026.5,842,0.178010471204,0.217948717949,0,1.0,2017/11/16,2017/11/16,-10.9784395569,-12.3015771468,-20.4301295977,-23.5771027401,-20.0432893729,-15.9531963269,0.385642737896,0.382490423105,1.0,1
CY.CZC,2017/11/17,0.971537001898,0.21387283237,0.0747126436782,0.492227979275,0.174418604651,90,10358900,0,-20,0.450980392228,0.1953125,23019.77778,822,0.178010471204,0.211538461538,-5,0.0,2017/11/17,2017/11/17,-11.7307157123,-12.783097137,-19.6968036837,-23.2029409914,-20.3131397429,-16.1904954585,0.392320534224,0.389114262758,0.5,0
CY.CZC,2017/11/20,0.970061142737,0.184971098266,0.066091954023,0.40932642487,0.127906976744,154,17685900,0,-55,0.450980392228,0.478156922,22968.7013,816,0.17277486911,0.147435897436,-50,0.0,2017/11/20,2017/11/20,-14.3570851246,-13.9194932566,-19.197222887,-23.1808920142,-21.000488994,-16.2958908526,0.39816360601,0.394894654156,0.5,0
CY.CZC,2017/11/21,0.968374446553,0.0693641618497,0.0258620689655,0.388601036269,0.0581395348837,136,15590200,0,-65,0.450980392228,0.261267146,22926.76471,762,0.120418848168,0.0897435897436,-45,0.0,2017/11/21,2017/11/21,-17.2608392901,-15.7914748096,-19.1445468299,-23.3131205064,-22.1285153846,-17.2161145732,0.378130217028,0.375183467482,0.5,0
CY.CZC,2017/11/22,0.965844402277,0.0520231213873,0.0344827586207,0.362694300518,0.0290697674419,130,14892500,0,-45,0.450980392228,0.436585898,22911.53846,770,0.0732984293194,0.0705128205128,-15,0.0,2017/11/22,2017/11/22,-19.0294221079,-17.349004485,-19.5129270476,-23.4451912273,-25.0745849501,-18.2107735208,0.404006677796,0.400648502848,0.5,0
CY.CZC,2017/11/23,0.964790217162,0.0635838150289,0.0459770114943,0.362694300518,0.0697674418605,216,24778300,0,5,0.901960784455,0.524475524,22942.87037,728,0.0575916230366,0.115384615385,35,1.0,2017/11/23,2017/11/23,-20.852306669,-18.5526695299,-19.5917572972,-23.4891794922,-26.7557245592,-18.9143655975,0.383138564274,0.380105345844,1.0,1
CY.CZC,2017/11/24,0.966266076323,0.0809248554913,0.0373563218391,0.321243523316,0.0872093023256,76,8708000,0,-15,0.450980392228,0.632773293,22915.78947,706,0.0942408376963,0.0769230769231,-30,0.0,2017/11/24,2017/11/24,-21.9349803746,-19.6206606476,-19.197222887,-23.5331500141,-28.0158823205,-19.5373893933,0.391485809683,0.388318698977,0.5,1
CY.CZC,2017/11/27,0.966898587392,0.0751445086705,0.0545977011494,0.39378238342,0.145348837209,104,11941900,0,65,0.901960784455,0.457915395,22965.19231,674,0.0628272251309,0.141025641026,50,1.0,2017/11/27,2017/11/27,-21.7191619266,-20.9771898855,-18.6961423745,-23.8842690994,-29.4192677216,-20.0289156532,0.387312186978,0.384177678302,1.0,1
CY.CZC,2017/11/28,0.969006957622,0.208092485549,0.152298850575,0.40414507772,0.372093023256,520,60087300,0,210,0.901960784455,1.153176675,23110.5,560,0.115183246073,0.326923076923,145,1.0,2017/11/28,2017/11/28,-17.7783523153,-20.3428706338,-17.5038503892,-23.1147190543,-30.2049076993,-19.3818533733,0.353088480801,0.349984397194,1.0,1
CY.CZC,2017/11/29,0.977229601518,0.421965317919,0.183908045977,0.575129533679,0.28488372093,226,26188600,0,-10,0.450980392228,0.668824164,23175.75221,474,0.267015706806,0.410256410256,65,1.0,2017/11/29,2017/11/29,-14.506699382,-19.4928630004,-16.8384136295,-22.7390094741,-30.2318339307,-18.9663725595,0.364774624374,0.3617376146,0.5,0
CY.CZC,2017/11/30,0.974067046173,0.294797687861,0.192528735632,0.59067357513,0.418604651163,166,19247700,0,40,0.901960784455,0.670995671,23190.0,474,0.335078534031,0.429487179487,15,1.0,2017/11/30,2017/11/30,-10.0,-17.9947513653,-15.7697440599,-21.5376743192,-28.514283869,-17.9756457371,0.400667779633,0.397365815865,1.0,1
CY.CZC,2017/12/1,0.978916297702,0.184971098266,1.0,0.492227979275,0.837209302326,682,80299900,0,-235,0.450980392228,7.129011415,23548.35777,70,1.0,0.891025641026,-260,0.0,2017/12/1,2017/12/1,-0.384923340726,-13.0455775716,-13.0003935868,-18.3281440483,-24.8154174395,-15.1077910921,0.232053422371,0.226554541672,0.5,1
CY.CZC,2017/12/4,0.994096563357,0.693641618497,0.477011494253,0.891191709845,1.0,84,9926200,0,165,0.901960784455,1.527041357,23633.80952,74,0.727748691099,1.0,85,1.0,2017/12/4,2017/12/4,9.87311740419,-6.47356006183,-9.64827518095,-14.4364729667,-20.3730399816,-13.4369645995,0.402337228715,0.399067059786,1.0,1
CY.CZC,2017/12/5,1.0,1.0,0.454022988506,0.937823834197,0.831395348837,106,12479900,0,-65,0.450980392228,1.159603626,23546.98113,84,0.816753926702,0.884615384615,-90,0.0,2017/12/5,2017/12/5,14.8510962021,-0.720357568609,-7.21548583993,-11.2949638857,-16.5266546375,-13.0381419547,0.404841402337,0.401592920989,0.5,0
CY.CZC,2017/12/6,0.993885726334,0.965317919075,0.436781609195,0.911917098446,0.78488372093,22,2590900,0,-15,0.450980392228,1.145523971,23553.63636,84,0.722513089005,0.897435897436,10,1.0,2017/12/6,2017/12/6,19.731682708,4.71658528605,-4.68576186263,-8.58841938699,-12.7102234653,-12.0531587121,0.400667779633,0.397365815865,0.5,0
CY.CZC,2017/12/7,0.99219903015,0.739884393064,0.333333333333,0.989637305699,0.732558139535,18,2114400,0,-70,0.450980392228,0.063748406,23493.33333,80,0.732984293194,0.820512820513,-60,0.0,2017/12/7,2017/12/7,22.4838320605,9.25261739592,-2.38987273541,-6.00444526409,-9.2405986352,-11.0402531326,0.398998330551,0.395681071464,0.5,0
CY.CZC,2017/12/8,0.990301496943,0.583815028902,0.344827586207,0.849740932642,0.71511627907,44,5160600,0,-25,0.450980392228,0.723866298,23457.27273,68,0.670157068063,0.769230769231,-40,0.0,2017/12/8,2017/12/8,21.4429896878,13.2953509137,-0.198219868174,-3.16116143927,-5.96170233377,-8.95974686741,0.395659432387,0.392314810829,0.5,0
CY.CZC,2017/12/11,0.989668985874,0.699421965318,0.304597701149,0.953367875648,0.691860465116,4,469000,0,-5,0.450980392228,0.0,23450.0,68,0.628272251309,0.762820512821,-5,0.0,2017/12/11,2017/12/11,18.6501128414,16.581192523,1.41943480587,-0.579559570512,-3.56510913106,-7.68048067956,0.400667779633,0.397365815865,0.5,0
CY.CZC,2017/12/12,0.988825637782,0.699421965318,0.304597701149,0.953367875648,0.691860465116,0,0,0,-23450,0.450980392228,0.0,23450.0,68,0.623036649215,0.762820512821,0,1.0,2017/12/11,2017/12/12,17.308845522,18.3948036802,3.22210414281,1.67172837699,-0.8294353889,-6.48331098622,0.400667779633,0.397365815865,0.5,0
CY.CZC,2017/12/13,0.988825637782,0.751445086705,0.333333333333,1.0,0.75,10,1175000,0,50,0.901960784455,0.021321962,23500.0,68,0.623036649215,0.826923076923,50,1.0,2017/12/13,2017/12/13,16.9662508512,20.8820196575,5.74674814112,3.99375597496,2.06939309989,-4.65418718736,0.400667779633,0.397365815865,1.0,1
CY.CZC,2017/12/14,0.990934008012,0.317919075145,0.32183908046,0.611398963731,0.726744186047,10,1166400,0,-20,0.450980392228,1.531914894,23328.0,72,0.675392670157,0.608974358974,-170,0.0,2017/12/14,2017/12/14,16.908871856,22.4287980737,7.91210805897,6.00845051028,5.18954612473,-2.57407982072,0.402337228715,0.399050201581,0.5,0
CY.CZC,2017/12/15,0.99009065992,0.317919075145,0.32183908046,0.611398963731,0.726744186047,0,0,0,-23330,0.450980392228,1.531914894,23328.0,72,0.497382198953,0.608974358974,0,1.0,2017/12/14,2017/12/15,17.0235500329,21.8836526126,10.1829996967,7.78987210244,8.65213751058,-0.333112166921,0.400667779633,0.397365815865,0.5,0
CY.CZC,2017/12/18,0.99009065992,0.589595375723,0.304597701149,0.854922279793,0.691860465116,4,468100,0,120,0.901960784455,0.407201029,23405.0,70,0.497382198953,0.705128205128,75,1.0,2017/12/18,2017/12/18,17.0235500329,20.3077807881,12.4230677884,9.26456554799,11.774177508,1.570356524,0.399833055092,0.396524699063,1.0,0
CY.CZC,2017/12/19,0.988825637782,0.589595375723,0.304597701149,0.854922279793,0.691860465116,0,0,0,-23405,0.450980392228,0.407201029,23405.0,70,0.575916230366,0.705128205128,0,1.0,2017/12/18,2017/12/19,17.0235500329,19.5676844401,14.8373271673,10.608087403,14.6140357677,3.37085562583,0.400667779633,0.397365815865,0.5,0
CY.CZC,2017/12/20,0.988825637782,0.589595375723,0.304597701149,0.854922279793,0.691860465116,0,0,0,-23405,0.450980392228,0.407201029,23405.0,70,0.575916230366,0.705128205128,0,1.0,2017/12/18,2017/12/20,16.4469779658,19.0652134739,17.2375791788,12.1599162473,17.0378289904,3.69749164228,0.400667779633,0.397365815865,0.5,0
CY.CZC,2017/12/21,0.988825637782,0.589595375723,0.304597701149,0.854922279793,0.691860465116,0,0,0,-23405,0.450980392228,0.407201029,23405.0,70,0.575916230366,0.705128205128,0,1.0,2017/12/18,2017/12/21,16.0972390826,18.8431153569,19.3681174093,13.6897931451,19.4148760692,4.8947607134,0.400667779633,0.397365815865,0.5,0
CY.CZC,2017/12/22,0.988825637782,0.450867052023,0.181034482759,0.725388601036,0.436046511628,4,464700,0,-175,0.450980392228,0.021362957,23235.0,68,0.575916230366,0.487179487179,-170,0.0,2017/12/22,2017/12/22,13.0753790005,17.2834246214,20.5092393858,14.3535856919,21.0347175175,5.26596078243,0.399833055092,0.396532590138,0.5,0
CY.CZC,2017/12/25,0.979548808771,0.450867052023,0.181034482759,0.725388601036,0.436046511628,0,0,0,-23235,0.0,0.021362957,23235.0,68,0.397905759162,0.487179487179,0,1.0,2017/12/22,2017/12/25,10.2663137554,15.798484608,21.43022215,14.6915353856,22.453565085,5.24125913787,0.400667779633,0.397365815865,0.0,0
CY.CZC,2017/12/26,0.979548808771,0.173410404624,0.0431034482759,0.481865284974,0.162790697674,4,459900,0,-240,0.450980392228,0.0,22995.0,68,0.397905759162,0.179487179487,-240,0.0,2017/12/26,2017/12/26,4.07175219727,12.5673600978,20.7698731262,14.2970330283,22.6335416005,3.62220147944,0.400667779633,0.397365815865,0.5,0
CY.CZC,2017/12/27,0.969639468691,0.173410404624,0.0431034482759,0.481865284974,0.162790697674,0,0,0,-22995,0.450980392228,0.0,22995.0,68,0.146596858639,0.185897435897,5,1.0,2017/12/26,2017/12/27,-2.51721096338,8.74835944532,20.3781208365,14.2781677362,22.7131528089,3.06848257135,0.400667779633,0.397365815865,0.5,0
CY.CZC,2017/12/28,0.969639468691,0.450867052023,0.181034482759,0.730569948187,0.441860465116,2,232400,0,235,0.901960784455,0.0,23240.0,66,0.151832460733,0.487179487179,235,1.0,2017/12/28,2017/12/28,-5.71774530964,6.81659116543,20.4531110892,15.0085458631,23.57348489,4.74587940081,0.399833055092,0.396532410795,1.0,1
CY.CZC,2017/12/29,0.979759645794,0.450867052023,0.181034482759,0.730569948187,0.441860465116,6,697100,0,0,0.901960784455,0.0,23236.66667,60,0.397905759162,0.487179487179,0,1.0,2017/12/29,2017/12/29,-5.6429148754,4.83904210564,19.1546974109,15.8556619334,24.2376599464,6.29746206178,0.39816360601,0.394865600654,1.0,0
